insert into users (id, email, phone, name, blocked, create_at, update_at, confirmed) values (1, 'eodreain0@indiatimes.com', '+48 304 199 1140', 'Elia', 0, '2019-01-10 00:29:00', '2019-07-28 23:07:44', 1);
insert into users (id, email, phone, name, blocked, create_at, update_at, confirmed) values (2, 'ubizzey1@cnet.com', '+86 928 129 1963', 'Una', 1, '2019-01-16 22:08:25', '2019-07-27 16:49:04', 1);
insert into users (id, email, phone, name, blocked, create_at, update_at, confirmed) values (3, 'groux2@cam.ac.uk', '+48 693 946 8283', 'Glynda', 0, '2018-09-02 18:30:23', '2020-01-10 23:09:25', 1);
insert into users (id, email, phone, name, blocked, create_at, update_at, confirmed) values (4, 'ekinworthy3@comcast.net', '+7 694 645 8601', 'Everett', 0, '2019-05-11 07:47:44', '2020-05-21 12:04:26', 1);
insert into users (id, email, phone, name, blocked, create_at, update_at, confirmed) values (5, 'dratazzi4@artisteer.com', '+33 285 849 3359', 'Dexter', 0, '2019-05-14 22:03:19', '2019-10-27 10:19:35', 0);
insert into users (id, email, phone, name, blocked, create_at, update_at, confirmed) values (6, 'hborthe5@uiuc.edu', '+1 225 941 8810', 'Hadrian', 0, '2018-12-29 10:15:34', '2019-08-09 07:01:10', 1);
insert into users (id, email, phone, name, blocked, create_at, update_at, confirmed) values (7, 'fchristmas6@google.es', '+63 687 366 4728', 'Fae', 0, '2018-07-07 11:30:51', '2019-10-26 13:04:50', 0);
insert into users (id, email, phone, name, blocked, create_at, update_at, confirmed) values (8, 'valdam7@angelfire.com', '+66 354 674 1047', 'Vivianne', 0, '2018-10-09 04:47:39', '2020-04-17 00:31:11', 1);
insert into users (id, email, phone, name, blocked, create_at, update_at, confirmed) values (9, 'acamilio8@usda.gov', '+86 312 136 0010', 'Alanna', 0, '2019-03-29 10:40:15', '2020-01-08 04:47:27', 1);
insert into users (id, email, phone, name, blocked, create_at, update_at, confirmed) values (10, 'mfishby9@mail.ru', '+381 536 679 0583', 'Maximilien', 1, '2018-10-24 08:17:01', '2019-06-12 17:56:52', 1);
insert into users (id, email, phone, name, blocked, create_at, update_at, confirmed) values (11, 'rhellera@phpbb.com', '+30 363 237 7669', 'Rozalie', 0, '2019-05-09 17:40:39', '2020-02-15 17:01:02', 1);
insert into users (id, email, phone, name, blocked, create_at, update_at, confirmed) values (12, 'hpardoeb@tamu.edu', '+380 803 999 5473', 'Hieronymus', 0, '2018-12-21 17:51:29', '2020-06-04 01:10:45', 1);
insert into users (id, email, phone, name, blocked, create_at, update_at, confirmed) values (13, 'rmanoellic@mail.ru', '+232 719 611 4771', 'Ransell', 0, '2018-06-30 07:58:42', '2020-04-05 09:11:50', 1);
insert into users (id, email, phone, name, blocked, create_at, update_at, confirmed) values (14, 'astonelaked@loc.gov', '+86 237 194 7200', 'Amelia', 0, '2018-08-20 22:04:16', '2020-06-08 07:04:34', 1);
insert into users (id, email, phone, name, blocked, create_at, update_at, confirmed) values (15, 'amattusseviche@vk.com', '+63 448 663 1854', 'Abby', 0, '2018-12-24 18:10:47', '2019-06-25 21:33:24', 1);
insert into users (id, email, phone, name, blocked, create_at, update_at, confirmed) values (16, 'fpaalf@adobe.com', '+86 994 468 0603', 'Francisca', 0, '2018-08-24 14:36:50', '2020-03-19 19:59:59', 1);
insert into users (id, email, phone, name, blocked, create_at, update_at, confirmed) values (17, 'mpentong@nymag.com', '+351 377 698 4442', 'Mair', 0, '2019-02-23 08:43:05', '2020-01-18 16:16:27', 1);
insert into users (id, email, phone, name, blocked, create_at, update_at, confirmed) values (18, 'thassinh@hibu.com', '+81 209 586 3229', 'Tadeo', 0, '2018-10-03 13:07:58', '2019-11-11 23:54:12', 1);
insert into users (id, email, phone, name, blocked, create_at, update_at, confirmed) values (19, 'crabidgei@tumblr.com', '+86 300 114 5406', 'Caralie', 0, '2018-06-10 11:34:15', '2019-10-21 13:11:48', 1);
insert into users (id, email, phone, name, blocked, create_at, update_at, confirmed) values (20, 'mhowfordj@hubpages.com', '+62 386 218 5236', 'Mignon', 0, '2019-05-19 14:27:37', '2019-08-13 20:44:42', 1);
insert into users (id, email, phone, name, blocked, create_at, update_at, confirmed) values (21, 'hglydek@engadget.com', '+234 637 412 6554', 'Henrietta', 0, '2018-12-24 20:29:08', '2019-12-09 03:06:22', 1);
insert into users (id, email, phone, name, blocked, create_at, update_at, confirmed) values (22, 'dgadsdonl@hp.com', '+1 733 266 0525', 'Denney', 0, '2019-02-08 09:09:17', '2019-06-26 11:19:29', 0);
insert into users (id, email, phone, name, blocked, create_at, update_at, confirmed) values (23, 'vmccallumm@businessinsider.com', '+86 190 901 6096', 'Verene', 0, '2018-12-15 12:53:49', '2020-03-14 03:24:26', 1);
insert into users (id, email, phone, name, blocked, create_at, update_at, confirmed) values (24, 'tfairebrothern@statcounter.com', '+51 402 182 9859', 'Tades', 0, '2018-10-09 09:01:35', '2019-12-26 16:48:28', 1);
insert into users (id, email, phone, name, blocked, create_at, update_at, confirmed) values (25, 'ftometo@google.com.au', '+63 365 435 4909', 'Florry', 0, '2018-09-27 16:59:20', '2020-05-09 10:13:39', 1);
insert into users (id, email, phone, name, blocked, create_at, update_at, confirmed) values (26, 'hfearesp@i2i.jp', '+385 586 857 1685', 'Halette', 0, '2018-12-06 03:06:01', '2020-03-30 22:54:41', 1);
insert into users (id, email, phone, name, blocked, create_at, update_at, confirmed) values (27, 'ghyndmanq@typepad.com', '+48 843 510 3065', 'Granny', 0, '2018-06-27 10:01:33', '2020-01-09 03:36:40', 1);
insert into users (id, email, phone, name, blocked, create_at, update_at, confirmed) values (28, 'ebulgerr@umich.edu', '+86 500 454 9658', 'Eustace', 0, '2019-05-30 05:33:22', '2020-02-14 13:07:50', 1);
insert into users (id, email, phone, name, blocked, create_at, update_at, confirmed) values (29, 'ppatershalls@slate.com', '+967 160 836 8666', 'Pietrek', 0, '2018-09-04 10:39:19', '2020-04-05 06:00:17', 1);
insert into users (id, email, phone, name, blocked, create_at, update_at, confirmed) values (30, 'adannattt@mit.edu', '+260 325 133 8748', 'Annalise', 0, '2018-11-15 22:38:54', '2019-09-23 18:10:01', 1);


insert into user_cards (id, user_id, code, points, create_at, update_at, blocked) values (1, 10, '4085-9829-1676', 2892, '2018-09-20 15:22:43', '2019-08-11 16:09:10', 0);
insert into user_cards (id, user_id, code, points, create_at, update_at, blocked) values (2, 1, '6588-8090-8279', 1230, '2018-12-31 01:15:10', '2020-03-08 04:14:19', 0);
insert into user_cards (id, user_id, code, points, create_at, update_at, blocked) values (3, 28, '4127-2222-2007', 1076, '2018-09-29 04:20:47', '2019-08-13 07:55:00', 0);
insert into user_cards (id, user_id, code, points, create_at, update_at, blocked) values (4, 5, '9417-8914-9688', 2402, '2018-12-06 08:14:06', '2019-11-10 07:43:11', 0);
insert into user_cards (id, user_id, code, points, create_at, update_at, blocked) values (5, 5, '2232-7086-7283', 2617, '2018-08-05 21:22:39', '2019-09-09 06:35:01', 0);
insert into user_cards (id, user_id, code, points, create_at, update_at, blocked) values (6, 27, '6859-8519-5170', 1405, '2019-01-14 10:49:31', '2019-12-23 20:18:20', 0);
insert into user_cards (id, user_id, code, points, create_at, update_at, blocked) values (7, 12, '4076-9643-0442', 1004, '2019-03-09 13:43:15', '2019-12-17 03:15:25', 0);
insert into user_cards (id, user_id, code, points, create_at, update_at, blocked) values (8, 1, '9789-1130-0811', 2559, '2019-04-25 07:28:41', '2019-08-24 14:08:41', 0);
insert into user_cards (id, user_id, code, points, create_at, update_at, blocked) values (9, 18, '1625-5007-7433', 553, '2019-06-07 12:53:21', '2019-10-01 05:09:03', 0);
insert into user_cards (id, user_id, code, points, create_at, update_at, blocked) values (10, 15, '5318-7087-7531', 2415, '2019-01-02 05:13:03', '2019-12-11 06:52:11', 0);
insert into user_cards (id, user_id, code, points, create_at, update_at, blocked) values (11, 26, '7105-5236-5582', 327, '2018-09-17 11:46:12', '2019-07-21 19:15:24', 0);
insert into user_cards (id, user_id, code, points, create_at, update_at, blocked) values (12, 6, '5673-7302-3422', 2245, '2018-12-09 23:43:31', '2019-07-30 10:54:43', 0);
insert into user_cards (id, user_id, code, points, create_at, update_at, blocked) values (13, 16, '6493-0718-8488', 2054, '2018-08-27 05:52:30', '2019-10-15 21:32:11', 0);
insert into user_cards (id, user_id, code, points, create_at, update_at, blocked) values (14, 6, '3958-8112-9014', 2021, '2018-11-01 11:10:03', '2019-12-26 22:53:05', 0);
insert into user_cards (id, user_id, code, points, create_at, update_at, blocked) values (15, 1, '2036-2486-4991', 2270, '2018-11-18 02:42:49', '2019-12-13 12:39:31', 0);
insert into user_cards (id, user_id, code, points, create_at, update_at, blocked) values (16, 28, '6118-1925-0504', 2675, '2018-10-08 12:47:24', '2019-12-20 08:17:06', 1);
insert into user_cards (id, user_id, code, points, create_at, update_at, blocked) values (17, 6, '7703-5912-4063', 1996, '2019-04-17 07:02:10', '2020-05-19 15:00:01', 0);
insert into user_cards (id, user_id, code, points, create_at, update_at, blocked) values (18, 28, '7987-1470-9838', 2376, '2018-11-16 15:17:46', '2020-04-14 15:14:40', 0);
insert into user_cards (id, user_id, code, points, create_at, update_at, blocked) values (19, 23, '9891-8422-0292', 1395, '2019-01-04 17:56:17', '2019-11-07 12:36:02', 0);
insert into user_cards (id, user_id, code, points, create_at, update_at, blocked) values (20, 8, '3026-7089-9201', 1147, '2018-08-26 09:03:12', '2019-08-27 19:15:49', 0);
insert into user_cards (id, user_id, code, points, create_at, update_at, blocked) values (21, 2, '2533-3106-2580', 1270, '2019-05-18 15:00:27', '2019-07-11 14:07:16', 0);
insert into user_cards (id, user_id, code, points, create_at, update_at, blocked) values (22, 1, '1678-7616-0208', 2512, '2018-11-17 15:33:25', '2020-02-21 17:21:38', 0);
insert into user_cards (id, user_id, code, points, create_at, update_at, blocked) values (23, 9, '0975-7905-9487', 1044, '2019-02-19 20:07:42', '2020-04-25 12:37:15', 0);
insert into user_cards (id, user_id, code, points, create_at, update_at, blocked) values (24, 21, '4836-8699-2886', 671, '2019-04-17 22:23:48', '2019-09-28 14:20:48', 0);
insert into user_cards (id, user_id, code, points, create_at, update_at, blocked) values (25, 14, '6272-6390-9861', 1372, '2019-05-01 08:58:39', '2020-03-17 01:29:14', 0);
insert into user_cards (id, user_id, code, points, create_at, update_at, blocked) values (26, 22, '7604-5993-7461', 2599, '2018-06-15 11:06:15', '2019-07-25 08:28:55', 0);
insert into user_cards (id, user_id, code, points, create_at, update_at, blocked) values (27, 11, '0421-0175-7630', 1205, '2019-03-27 16:07:07', '2019-12-12 22:20:43', 0);
insert into user_cards (id, user_id, code, points, create_at, update_at, blocked) values (28, 25, '9458-9553-2996', 626, '2018-11-22 02:06:54', '2019-11-13 22:59:35', 0);
insert into user_cards (id, user_id, code, points, create_at, update_at, blocked) values (29, 5, '1521-6478-1465', 2789, '2019-03-04 10:19:11', '2019-11-08 17:50:23', 0);
insert into user_cards (id, user_id, code, points, create_at, update_at, blocked) values (30, 3, '5794-2032-8760', 1633, '2019-01-25 03:29:22', '2020-05-19 14:04:07', 0);
insert into user_cards (id, user_id, code, points, create_at, update_at, blocked) values (31, 9, '1110-3621-6691', 1503, '2019-02-04 13:52:58', '2020-03-07 15:37:19', 0);
insert into user_cards (id, user_id, code, points, create_at, update_at, blocked) values (32, 3, '9526-6519-4523', 1679, '2019-05-22 09:49:08', '2020-04-19 11:14:18', 0);
insert into user_cards (id, user_id, code, points, create_at, update_at, blocked) values (33, 17, '8637-4892-5918', 1711, '2019-05-17 12:23:32', '2019-09-02 17:36:30', 0);
insert into user_cards (id, user_id, code, points, create_at, update_at, blocked) values (34, 23, '7831-5682-8574', 1142, '2019-01-20 21:29:50', '2019-08-15 06:39:19', 0);
insert into user_cards (id, user_id, code, points, create_at, update_at, blocked) values (35, 8, '8711-6176-4743', 2788, '2018-07-02 05:13:53', '2020-05-31 21:52:57', 0);
insert into user_cards (id, user_id, code, points, create_at, update_at, blocked) values (36, 13, '8759-1314-0545', 1999, '2019-05-03 09:16:58', '2019-06-29 14:33:55', 1);
insert into user_cards (id, user_id, code, points, create_at, update_at, blocked) values (37, 30, '8217-5904-2889', 345, '2018-12-28 04:18:02', '2019-09-01 04:31:59', 0);
insert into user_cards (id, user_id, code, points, create_at, update_at, blocked) values (38, 28, '5761-2997-1372', 1710, '2018-11-01 07:49:44', '2019-11-26 09:22:42', 0);
insert into user_cards (id, user_id, code, points, create_at, update_at, blocked) values (39, 27, '4586-3029-7705', 1032, '2018-10-07 00:10:51', '2019-10-16 15:50:11', 0);
insert into user_cards (id, user_id, code, points, create_at, update_at, blocked) values (40, 3, '4141-6028-5507', 819, '2018-06-26 11:39:28', '2019-08-23 17:24:18', 0);
insert into user_cards (id, user_id, code, points, create_at, update_at, blocked) values (41, 10, '0640-6713-7380', 723, '2018-12-15 03:38:54', '2019-07-13 06:03:28', 0);
insert into user_cards (id, user_id, code, points, create_at, update_at, blocked) values (42, 29, '4106-1690-5602', 1576, '2019-02-24 00:38:52', '2020-01-16 17:40:54', 0);
insert into user_cards (id, user_id, code, points, create_at, update_at, blocked) values (43, 29, '7876-5593-7991', 673, '2018-08-01 19:18:32', '2019-11-24 11:57:17', 1);
insert into user_cards (id, user_id, code, points, create_at, update_at, blocked) values (44, 2, '6739-4376-2502', 311, '2019-03-20 21:44:47', '2019-09-21 07:00:31', 0);
insert into user_cards (id, user_id, code, points, create_at, update_at, blocked) values (45, 29, '0568-8852-7813', 2732, '2019-03-18 05:59:37', '2020-01-09 16:48:37', 0);
insert into user_cards (id, user_id, code, points, create_at, update_at, blocked) values (46, 24, '4541-4018-7236', 2468, '2018-08-09 22:16:24', '2019-07-24 17:19:51', 0);
insert into user_cards (id, user_id, code, points, create_at, update_at, blocked) values (47, 15, '7782-4439-7049', 1568, '2018-10-06 03:43:33', '2019-12-25 07:34:37', 0);
insert into user_cards (id, user_id, code, points, create_at, update_at, blocked) values (48, 14, '4655-5757-5172', 2343, '2018-10-08 20:26:58', '2019-09-16 11:53:09', 0);
insert into user_cards (id, user_id, code, points, create_at, update_at, blocked) values (49, 18, '4118-9449-8803', 2407, '2018-11-27 10:41:19', '2019-08-30 14:10:23', 0);
insert into user_cards (id, user_id, code, points, create_at, update_at, blocked) values (50, 3, '1887-5568-0606', 313, '2019-05-30 19:52:44', '2020-01-19 16:20:51', 0);
insert into user_cards (id, user_id, code, points, create_at, update_at, blocked) values (51, 4, '0711-6504-3767', 397, '2018-07-29 17:32:29', '2019-12-21 20:36:41', 0);
insert into user_cards (id, user_id, code, points, create_at, update_at, blocked) values (52, 15, '3243-4450-6119', 1580, '2019-02-07 20:51:46', '2020-06-07 19:09:30', 0);
insert into user_cards (id, user_id, code, points, create_at, update_at, blocked) values (53, 28, '2323-3113-6721', 2626, '2018-11-01 05:18:42', '2019-06-30 12:24:10', 0);
insert into user_cards (id, user_id, code, points, create_at, update_at, blocked) values (54, 11, '1148-7050-2944', 1463, '2019-05-28 23:50:51', '2020-01-13 10:25:59', 0);
insert into user_cards (id, user_id, code, points, create_at, update_at, blocked) values (55, 19, '0234-8402-9456', 2337, '2018-10-06 13:03:47', '2020-05-02 09:58:26', 0);
insert into user_cards (id, user_id, code, points, create_at, update_at, blocked) values (56, 12, '0879-0690-5935', 2969, '2018-11-27 09:10:48', '2019-10-17 18:30:48', 0);
insert into user_cards (id, user_id, code, points, create_at, update_at, blocked) values (57, 2, '4473-0788-8293', 1958, '2019-01-02 01:41:22', '2020-04-21 14:02:17', 0);
insert into user_cards (id, user_id, code, points, create_at, update_at, blocked) values (58, 28, '6886-9298-0326', 668, '2019-04-03 14:31:54', '2020-03-27 00:13:15', 0);
insert into user_cards (id, user_id, code, points, create_at, update_at, blocked) values (59, 25, '2091-1609-4492', 1640, '2018-07-26 05:33:53', '2019-09-25 11:16:22', 0);
insert into user_cards (id, user_id, code, points, create_at, update_at, blocked) values (60, 11, '9284-1946-9997', 2479, '2018-11-22 23:26:17', '2019-10-20 20:54:23', 0);


insert into stores (id, name, city, address, phone) values (1, 'Wells Fargo Global Dividend Opportunity Fund', 'Mapiripán', '63284 Dryden Drive', '+57-932-617-3687');
insert into stores (id, name, city, address, phone) values (2, 'Paycom Software, Inc.', 'Katyr-Yurt', '24 8th Park', '+7-915-676-8706');
insert into stores (id, name, city, address, phone) values (3, 'Redwood Trust, Inc.', 'Sarapul', '9 Hazelcrest Pass', '+7-218-165-1919');
insert into stores (id, name, city, address, phone) values (4, 'Severn Bancorp Inc', 'Drohobych', '8 Johnson Place', '+380-256-961-8011');
insert into stores (id, name, city, address, phone) values (5, 'Tsakos Energy Navigation Ltd', 'Pu’an', '3 Packers Pass', '+86-177-912-8327');
insert into stores (id, name, city, address, phone) values (6, 'Tortoise Energy Infrastructure Corporation', 'Wucun', '71005 Bonner Trail', '+86-152-841-4290');
insert into stores (id, name, city, address, phone) values (7, 'Zayo Group Holdings, Inc.', 'Juegang', '55 1st Park', '+86-947-934-0757');
insert into stores (id, name, city, address, phone) values (8, 'Barings Participation Investors', 'Oslo', '7960 Schiller Point', '+47-932-807-2229');
insert into stores (id, name, city, address, phone) values (9, 'Advaxis, Inc.', 'Jisegumen', '684 Fairview Lane', '+86-192-725-8447');
insert into stores (id, name, city, address, phone) values (10, 'Red Hat, Inc.', 'Paujiles', '2944 Grayhawk Terrace', '+504-184-522-7238');
insert into stores (id, name, city, address, phone) values (11, 'W.P. Carey Inc.', 'Kobyzhcha', '06164 Sommers Circle', '+380-679-848-6302');
insert into stores (id, name, city, address, phone) values (12, 'Blackrock New York Municipal Bond Trust', 'Milton', '765 Johnson Lane', '+44-922-681-3694');
insert into stores (id, name, city, address, phone) values (13, 'Total System Services, Inc.', 'Kybartai', '08 Sugar Trail', '+370-190-916-5216');
insert into stores (id, name, city, address, phone) values (14, 'Frontline Ltd.', 'Yeniköy', '48 Calypso Park', '+90-887-860-9437');
insert into stores (id, name, city, address, phone) values (15, 'World Point Terminals, LP', 'Mao', '5613 Corben Point', '+235-291-838-1076');
insert into stores (id, name, city, address, phone) values (16, 'iPath US Treasury 2-year Bear ETN', 'Konyshevka', '84775 6th Road', '+7-529-499-1650');
insert into stores (id, name, city, address, phone) values (17, 'Best Buy Co., Inc.', 'Ngô Đồng', '06926 Amoth Trail', '+84-241-531-1948');
insert into stores (id, name, city, address, phone) values (18, 'Dynegy Inc.', 'Albion', '185 Darwin Pass', '+230-391-987-4101');
insert into stores (id, name, city, address, phone) values (19, 'ARI Network Services, Inc.', 'Cruz', '527 Clove Plaza', '+351-717-772-4067');
insert into stores (id, name, city, address, phone) values (20, 'CVD Equipment Corporation', 'Vila Moreira', '53 Alpine Center', '+351-600-717-8764');
insert into stores (id, name, city, address, phone) values (21, 'Allied Healthcare Products, Inc.', 'Erlangkou', '33 South Road', '+86-104-472-8489');
insert into stores (id, name, city, address, phone) values (22, 'Korea Fund, Inc. (The)', 'Hainan', '697 Dapin Hill', '+86-272-770-9295');
insert into stores (id, name, city, address, phone) values (23, 'Curtiss-Wright Corporation', 'Teno', '6 Nevada Lane', '+56-888-453-8647');
insert into stores (id, name, city, address, phone) values (24, 'Valvoline Inc.', 'Chengzhong', '6 Carey Road', '+86-900-415-8841');
insert into stores (id, name, city, address, phone) values (25, 'World Wrestling Entertainment, Inc.', 'San Juan Pueblo', '22203 Bartillon Street', '+504-468-996-0566');
insert into stores (id, name, city, address, phone) values (26, 'Coffee Holding Co., Inc.', 'Shipu', '3 Springs Hill', '+86-312-536-9747');
insert into stores (id, name, city, address, phone) values (27, 'Select Income REIT', 'Oslo', '511 Corry Park', '+47-751-284-1338');
insert into stores (id, name, city, address, phone) values (28, 'Nautilus Group, Inc. (The)', 'Shahezi', '74934 Lukken Crossing', '+86-367-638-0290');
insert into stores (id, name, city, address, phone) values (29, 'Clearfield, Inc.', 'Malinovoye Ozero', '98486 Rigney Parkway', '+7-995-632-1625');
insert into stores (id, name, city, address, phone) values (30, 'Vector Group Ltd.', 'Gigant', '43997 Carey Terrace', '+7-188-149-3947');
insert into stores (id, name, city, address, phone) values (31, 'PowerShares S&P SmallCap Consumer Discretionary Portfolio', 'Jajawai', '80 Shopko Hill', '+62-126-801-0289');
insert into stores (id, name, city, address, phone) values (32, 'ScanSource, Inc.', 'Kiarajangkung', '55570 Prentice Center', '+62-776-537-0248');
insert into stores (id, name, city, address, phone) values (33, 'Renesola Ltd.', 'Kedungringin', '83771 5th Point', '+62-904-726-4681');
insert into stores (id, name, city, address, phone) values (34, 'FuelCell Energy, Inc.', 'Daoxian', '0845 Dwight Drive', '+86-940-335-7255');
insert into stores (id, name, city, address, phone) values (35, 'Cerecor Inc.', 'Tampocon', '7159 Towne Plaza', '+63-601-972-8127');
insert into stores (id, name, city, address, phone) values (36, 'Target Corporation', 'Tokoname', '77942 Hooker Road', '+81-980-154-8174');
insert into stores (id, name, city, address, phone) values (37, 'Andina Acquisition Corp. II', 'Altenberg bei Linz', '98 Upham Parkway', '+43-507-610-5536');
insert into stores (id, name, city, address, phone) values (38, 'Nuveen Preferred Income Opportunites Fund', 'Vale de São Cosme', '585 Park Meadow Road', '+351-502-761-7502');
insert into stores (id, name, city, address, phone) values (39, 'ZAGG Inc', 'Wijewo', '006 Lakewood Road', '+48-732-220-0423');
insert into stores (id, name, city, address, phone) values (40, 'Lifeway Foods, Inc.', 'Siverskiy', '6 Helena Street', '+7-681-201-4281');
insert into stores (id, name, city, address, phone) values (41, 'WPP plc', 'Chakaray', '0971 Upham Trail', '+93-714-787-9287');
insert into stores (id, name, city, address, phone) values (42, 'Shinhan Financial Group Co Ltd', 'Debre Sīna', '3 Northport Junction', '+251-779-584-4979');
insert into stores (id, name, city, address, phone) values (43, 'ParkerVision, Inc.', 'Pondoktelo', '39 Crest Line Drive', '+62-582-190-4471');
insert into stores (id, name, city, address, phone) values (44, 'Nuveen California Municipal Value Fund, Inc.', 'Cukangpanjang', '87 East Terrace', '+62-383-817-7842');
insert into stores (id, name, city, address, phone) values (45, 'Titan International, Inc.', 'Oxapampa', '2635 Atwood Way', '+51-157-492-0825');
insert into stores (id, name, city, address, phone) values (46, 'Tiffany & Co.', 'Bryansk', '4 Mcguire Way', '+7-334-386-6041');
insert into stores (id, name, city, address, phone) values (47, 'Grifols, S.A.', 'Karangturi', '3 Del Sol Plaza', '+62-455-407-4439');
insert into stores (id, name, city, address, phone) values (48, 'Moog Inc.', 'Czerniewice', '83 Dryden Lane', '+48-502-966-2684');
insert into stores (id, name, city, address, phone) values (49, 'Bryn Mawr Bank Corporation', 'Oslo', '2 Spaight Trail', '+47-225-561-3512');
insert into stores (id, name, city, address, phone) values (50, 'Littelfuse, Inc.', 'Kozje', '2548 Anthes Parkway', '+386-249-923-9361');


insert into products (id, name, create_at, update_at, deleted) values (1, 'Jcasrrcidaffm', '2018-11-23 01:10:40', '2020-03-30 21:57:35', 0);
insert into products (id, name, create_at, update_at, deleted) values (2, 'Pvkadcqmlqnbf', '2019-03-24 12:01:12', '2019-11-14 18:39:57', 0);
insert into products (id, name, create_at, update_at, deleted) values (3, 'Cbbxgqdialutx', '2019-02-02 23:27:38', '2019-09-08 05:40:26', 0);
insert into products (id, name, create_at, update_at, deleted) values (4, 'Sohmdnehasrhb', '2018-10-23 13:43:04', '2019-07-27 09:33:17', 1);
insert into products (id, name, create_at, update_at, deleted) values (5, 'Luaozpguoojqv', '2018-12-28 07:24:44', '2019-12-14 07:48:57', 0);
insert into products (id, name, create_at, update_at, deleted) values (6, 'Iljqdxtqlfloi', '2019-01-06 00:08:43', '2019-08-22 18:14:10', 0);
insert into products (id, name, create_at, update_at, deleted) values (7, 'Yzedsjkzypygp', '2019-05-12 17:23:24', '2019-09-28 06:03:46', 0);
insert into products (id, name, create_at, update_at, deleted) values (8, 'Ofnvcnkiipzwj', '2018-09-27 21:52:46', '2020-03-22 12:52:10', 0);
insert into products (id, name, create_at, update_at, deleted) values (9, 'Vxhmlmjhmqdee', '2018-10-23 12:25:40', '2020-05-11 06:30:43', 0);
insert into products (id, name, create_at, update_at, deleted) values (10, 'Mjsotbkzgcoag', '2018-07-01 18:36:26', '2019-10-27 06:43:51', 0);
insert into products (id, name, create_at, update_at, deleted) values (11, 'Ibbimjascfjjl', '2019-03-01 01:27:39', '2020-03-02 10:54:49', 0);
insert into products (id, name, create_at, update_at, deleted) values (12, 'Dfogcmfajzrhf', '2019-05-15 23:29:33', '2019-11-11 18:09:53', 1);
insert into products (id, name, create_at, update_at, deleted) values (13, 'Sbjhfpuoyyyba', '2018-10-14 19:15:43', '2020-01-14 03:21:19', 0);
insert into products (id, name, create_at, update_at, deleted) values (14, 'Ekopzmpgcomcm', '2018-12-24 20:41:46', '2020-05-25 08:31:29', 0);
insert into products (id, name, create_at, update_at, deleted) values (15, 'Ftwrzwdrewtmb', '2018-09-15 11:41:55', '2019-10-05 23:01:08', 0);
insert into products (id, name, create_at, update_at, deleted) values (16, 'Ziulvllbuwqvx', '2018-12-29 03:38:52', '2020-04-29 18:12:34', 0);
insert into products (id, name, create_at, update_at, deleted) values (17, 'Cmzgsybyalilx', '2019-01-08 11:44:23', '2019-12-22 22:39:24', 0);
insert into products (id, name, create_at, update_at, deleted) values (18, 'Psdtyeyotllqs', '2019-05-10 23:56:35', '2019-11-13 00:58:19', 0);
insert into products (id, name, create_at, update_at, deleted) values (19, 'Pnhvrksuktaio', '2019-05-23 20:10:00', '2020-02-10 08:39:57', 1);
insert into products (id, name, create_at, update_at, deleted) values (20, 'Qddzcaweeujql', '2018-06-23 18:12:07', '2020-05-24 05:29:55', 0);
insert into products (id, name, create_at, update_at, deleted) values (21, 'Qvinueccwtmau', '2018-06-15 01:26:34', '2019-07-31 21:08:29', 0);
insert into products (id, name, create_at, update_at, deleted) values (22, 'Adapfifufgldr', '2018-07-20 16:54:07', '2019-11-04 16:45:05', 0);
insert into products (id, name, create_at, update_at, deleted) values (23, 'Jlrerbaosafto', '2018-12-10 04:45:43', '2020-01-25 11:10:44', 0);
insert into products (id, name, create_at, update_at, deleted) values (24, 'Smhpiiewbzupk', '2018-06-22 14:02:39', '2020-01-05 00:32:46', 0);
insert into products (id, name, create_at, update_at, deleted) values (25, 'Aisuxwumouuzr', '2019-03-11 05:26:19', '2019-10-02 15:54:40', 0);
insert into products (id, name, create_at, update_at, deleted) values (26, 'Vblxzmhdowupj', '2019-03-01 09:30:55', '2019-07-07 03:13:48', 0);
insert into products (id, name, create_at, update_at, deleted) values (27, 'Vgghfvabwqjvo', '2019-03-16 07:46:06', '2019-12-18 08:22:20', 0);
insert into products (id, name, create_at, update_at, deleted) values (28, 'Crigvxeuhunbu', '2018-06-30 19:36:10', '2019-12-22 07:27:06', 1);
insert into products (id, name, create_at, update_at, deleted) values (29, 'Mhtmowrszrozx', '2018-10-08 16:48:11', '2020-02-19 00:30:41', 1);
insert into products (id, name, create_at, update_at, deleted) values (30, 'Qjljhmdvblfpd', '2018-09-30 11:57:54', '2019-09-25 21:39:07', 0);
insert into products (id, name, create_at, update_at, deleted) values (31, 'Avicmdjyjvnkh', '2019-04-21 10:20:03', '2020-02-28 06:10:43', 0);
insert into products (id, name, create_at, update_at, deleted) values (32, 'Hziajegaohkth', '2018-07-23 05:13:50', '2020-01-24 18:51:37', 0);
insert into products (id, name, create_at, update_at, deleted) values (33, 'Dcrsyulssjhec', '2019-01-17 12:13:04', '2020-02-01 20:49:44', 0);
insert into products (id, name, create_at, update_at, deleted) values (34, 'Kihhqkkxildsl', '2019-03-23 01:03:42', '2019-07-03 05:14:58', 0);
insert into products (id, name, create_at, update_at, deleted) values (35, 'Euzswkxreapth', '2018-11-19 04:36:01', '2020-03-31 14:01:56', 0);
insert into products (id, name, create_at, update_at, deleted) values (36, 'Bwatrmuhxlvbz', '2019-01-24 04:59:21', '2020-01-19 04:05:41', 0);
insert into products (id, name, create_at, update_at, deleted) values (37, 'Tfgsyvnydozya', '2018-09-05 17:31:33', '2019-09-03 06:39:27', 0);
insert into products (id, name, create_at, update_at, deleted) values (38, 'Fgmxiviadvmba', '2018-07-03 07:08:45', '2019-09-23 00:50:41', 0);
insert into products (id, name, create_at, update_at, deleted) values (39, 'Njjhcbfxxnusd', '2018-11-03 23:54:51', '2019-08-07 00:29:56', 0);
insert into products (id, name, create_at, update_at, deleted) values (40, 'Pskivfwhwxmqv', '2018-08-02 03:41:03', '2019-12-29 18:42:30', 1);
insert into products (id, name, create_at, update_at, deleted) values (41, 'Kbhftprruxbvd', '2018-07-01 21:18:35', '2020-04-01 05:47:12', 0);
insert into products (id, name, create_at, update_at, deleted) values (42, 'Dwwmaktplmric', '2019-04-26 18:10:21', '2020-05-04 23:17:02', 0);
insert into products (id, name, create_at, update_at, deleted) values (43, 'Ojeephfuvorpq', '2019-02-21 04:02:51', '2019-09-01 01:05:35', 0);
insert into products (id, name, create_at, update_at, deleted) values (44, 'Uhlvdjfgvtaul', '2019-04-19 21:06:44', '2020-05-21 11:59:55', 0);
insert into products (id, name, create_at, update_at, deleted) values (45, 'Rutcnxrhmplkt', '2018-06-16 18:06:37', '2020-04-11 21:02:55', 0);
insert into products (id, name, create_at, update_at, deleted) values (46, 'Valzovydezcuc', '2018-12-17 00:19:58', '2020-04-15 12:05:34', 0);
insert into products (id, name, create_at, update_at, deleted) values (47, 'Nypcyjlhjjdud', '2018-07-03 22:18:38', '2020-04-25 04:08:02', 0);
insert into products (id, name, create_at, update_at, deleted) values (48, 'Ztyytllrrwrra', '2019-01-27 08:57:25', '2020-02-26 04:57:24', 0);
insert into products (id, name, create_at, update_at, deleted) values (49, 'Bqxzxxwwxbljj', '2019-03-28 19:39:03', '2020-05-04 16:09:49', 0);
insert into products (id, name, create_at, update_at, deleted) values (50, 'Uvbfykbhcmlzd', '2019-02-07 23:52:05', '2020-04-29 16:48:55', 0);
insert into products (id, name, create_at, update_at, deleted) values (51, 'Krmapupxkdibl', '2019-04-21 17:25:39', '2019-12-11 14:47:56', 0);
insert into products (id, name, create_at, update_at, deleted) values (52, 'Nzdinxdpzcnmy', '2018-09-05 21:54:00', '2020-05-04 15:54:08', 0);
insert into products (id, name, create_at, update_at, deleted) values (53, 'Ajsrqmrendbal', '2019-04-24 09:58:57', '2019-08-15 06:32:32', 0);
insert into products (id, name, create_at, update_at, deleted) values (54, 'Llpwazmujssjv', '2019-06-02 15:52:33', '2019-08-19 02:20:33', 0);
insert into products (id, name, create_at, update_at, deleted) values (55, 'Orjpdbkiftmkr', '2019-04-12 08:47:08', '2019-10-24 11:31:56', 0);
insert into products (id, name, create_at, update_at, deleted) values (56, 'Smmunncxuoysq', '2019-02-14 01:52:47', '2019-12-02 01:35:56', 1);
insert into products (id, name, create_at, update_at, deleted) values (57, 'Nctsmykcvcbgl', '2018-10-08 01:48:48', '2020-05-14 17:49:12', 0);
insert into products (id, name, create_at, update_at, deleted) values (58, 'Uggbbfltsawdq', '2019-05-18 21:55:38', '2019-10-05 16:31:40', 0);
insert into products (id, name, create_at, update_at, deleted) values (59, 'Iyqyjneopplbo', '2018-11-27 12:56:17', '2019-11-16 18:09:54', 0);
insert into products (id, name, create_at, update_at, deleted) values (60, 'Azablymbujxhj', '2018-12-25 15:59:28', '2019-12-14 05:48:46', 0);
insert into products (id, name, create_at, update_at, deleted) values (61, 'Vvwtkxmahpgih', '2018-08-26 12:24:42', '2019-10-12 07:37:26', 0);
insert into products (id, name, create_at, update_at, deleted) values (62, 'Cinupvsrjyaiu', '2019-01-04 04:36:15', '2019-09-07 20:58:32', 0);
insert into products (id, name, create_at, update_at, deleted) values (63, 'Zshnveohmlyfs', '2019-02-24 17:59:00', '2020-04-02 02:17:00', 1);
insert into products (id, name, create_at, update_at, deleted) values (64, 'Yyqqdritonyrc', '2018-11-17 01:37:11', '2019-10-03 05:30:31', 0);
insert into products (id, name, create_at, update_at, deleted) values (65, 'Dqxlqjxjyqknv', '2019-04-05 23:39:44', '2020-05-28 14:41:51', 0);
insert into products (id, name, create_at, update_at, deleted) values (66, 'Igccujikqmruc', '2019-01-25 16:45:00', '2019-09-15 23:37:43', 0);
insert into products (id, name, create_at, update_at, deleted) values (67, 'Ixyddoliitshh', '2019-01-02 10:12:05', '2020-01-20 06:43:55', 1);
insert into products (id, name, create_at, update_at, deleted) values (68, 'Hgbaxsuzfqbox', '2019-02-06 19:32:46', '2019-10-24 07:17:14', 0);
insert into products (id, name, create_at, update_at, deleted) values (69, 'Qklwrfkcinbxs', '2018-08-07 13:00:59', '2019-08-13 12:40:51', 1);
insert into products (id, name, create_at, update_at, deleted) values (70, 'Vliqpahmqsvau', '2018-09-30 16:44:40', '2019-12-04 09:46:34', 0);
insert into products (id, name, create_at, update_at, deleted) values (71, 'Teobplbzyctrq', '2018-06-13 16:20:12', '2019-07-28 04:51:47', 0);
insert into products (id, name, create_at, update_at, deleted) values (72, 'Lbwdutgegrdxq', '2019-03-28 07:17:41', '2020-02-28 02:23:54', 0);
insert into products (id, name, create_at, update_at, deleted) values (73, 'Mqwedgvnuhxug', '2019-04-22 18:52:07', '2019-10-04 14:57:12', 0);
insert into products (id, name, create_at, update_at, deleted) values (74, 'Rvpgedzwnfxzc', '2019-04-18 18:45:35', '2019-08-27 11:49:13', 0);
insert into products (id, name, create_at, update_at, deleted) values (75, 'Daigtzvezpuqe', '2018-06-14 07:33:23', '2020-06-02 19:14:27', 0);
insert into products (id, name, create_at, update_at, deleted) values (76, 'Fvtncjebsierm', '2018-09-02 01:16:25', '2020-01-03 15:10:08', 0);
insert into products (id, name, create_at, update_at, deleted) values (77, 'Mdmctssjxvbhf', '2018-07-05 14:15:24', '2020-05-25 02:28:38', 0);
insert into products (id, name, create_at, update_at, deleted) values (78, 'Eusaugztfxtgd', '2019-01-28 17:04:01', '2019-07-23 09:28:00', 1);
insert into products (id, name, create_at, update_at, deleted) values (79, 'Jzfjlxbsrhugo', '2019-05-26 22:54:16', '2019-12-23 16:24:51', 0);
insert into products (id, name, create_at, update_at, deleted) values (80, 'Xncfneluyamux', '2019-04-24 08:20:17', '2020-03-17 13:23:13', 0);
insert into products (id, name, create_at, update_at, deleted) values (81, 'Enhuhbsgykmlq', '2018-07-08 00:56:45', '2019-12-16 14:54:31', 1);
insert into products (id, name, create_at, update_at, deleted) values (82, 'Fsczosgtemekp', '2018-11-01 14:57:40', '2019-08-30 01:11:54', 0);
insert into products (id, name, create_at, update_at, deleted) values (83, 'Gextxbfuktkjm', '2018-11-23 08:47:26', '2019-11-02 14:03:52', 0);
insert into products (id, name, create_at, update_at, deleted) values (84, 'Yhwkbqwwiauiy', '2018-12-25 04:13:40', '2020-01-09 05:39:22', 0);
insert into products (id, name, create_at, update_at, deleted) values (85, 'Drnocwgmtjeih', '2019-06-07 03:01:34', '2019-10-06 06:58:38', 0);
insert into products (id, name, create_at, update_at, deleted) values (86, 'Cjhkfyvlnqgtc', '2018-09-23 07:09:15', '2019-12-25 17:16:55', 1);
insert into products (id, name, create_at, update_at, deleted) values (87, 'Kjqvfclsdszdu', '2018-10-03 15:03:37', '2020-01-25 02:38:15', 0);
insert into products (id, name, create_at, update_at, deleted) values (88, 'Stdafcoxvviis', '2019-04-07 21:46:44', '2019-08-21 04:35:35', 0);
insert into products (id, name, create_at, update_at, deleted) values (89, 'Bajcfapmkqvpl', '2019-04-01 08:34:26', '2020-01-11 06:02:10', 0);
insert into products (id, name, create_at, update_at, deleted) values (90, 'Bxnuopwtreryc', '2018-11-30 07:10:03', '2020-01-11 09:21:57', 0);
insert into products (id, name, create_at, update_at, deleted) values (91, 'Tkblhbaglfuoh', '2018-09-03 06:22:57', '2020-01-30 13:36:13', 0);
insert into products (id, name, create_at, update_at, deleted) values (92, 'Vcoeywglbyydt', '2019-05-16 00:22:19', '2019-12-25 05:19:58', 1);
insert into products (id, name, create_at, update_at, deleted) values (93, 'Hcibjhifttqnk', '2018-08-01 21:03:18', '2019-07-23 00:10:05', 0);
insert into products (id, name, create_at, update_at, deleted) values (94, 'Txcjqaovioitb', '2019-01-12 11:21:30', '2019-10-25 06:34:29', 1);
insert into products (id, name, create_at, update_at, deleted) values (95, 'Tebywjyevajrn', '2018-10-05 17:05:21', '2020-03-24 04:46:18', 0);
insert into products (id, name, create_at, update_at, deleted) values (96, 'Hyouvxnmmbjgq', '2019-01-12 04:13:21', '2019-12-15 22:19:47', 0);
insert into products (id, name, create_at, update_at, deleted) values (97, 'Mlhkfnoqzzjku', '2019-02-16 09:41:40', '2019-08-14 10:22:03', 0);
insert into products (id, name, create_at, update_at, deleted) values (98, 'Uthcqwvcmhgkr', '2019-02-13 03:24:13', '2020-05-05 08:36:58', 0);
insert into products (id, name, create_at, update_at, deleted) values (99, 'Xrxmmicuqzumy', '2018-10-15 22:58:56', '2020-04-02 00:10:19', 1);
insert into products (id, name, create_at, update_at, deleted) values (100, 'Kydanfecpyzny', '2018-06-27 16:32:13', '2020-03-31 05:55:25', 1);

insert into categories (id, name, create_at, update_at) values (1, 'Tkmwjwyanjjvl', '2015-10-14 08:16:50', '2019-05-21 03:56:29');
insert into categories (id, name, create_at, update_at) values (2, 'Scvolpgrfeoli', '2017-10-18 20:20:49', '2019-09-21 23:10:54');
insert into categories (id, name, create_at, update_at) values (3, 'Raljsykvrmrmh', '2015-12-07 19:51:27', '2019-02-11 10:01:49');
insert into categories (id, name, create_at, update_at) values (4, 'Yysiczcdwadlo', '2017-08-05 12:54:55', '2019-04-07 04:00:40');
insert into categories (id, name, create_at, update_at) values (5, 'Adhysxsvntxfs', '2017-12-20 07:25:59', '2018-09-05 00:38:35');
insert into categories (id, name, create_at, update_at) values (6, 'Vebaocppfdzzj', '2017-10-22 19:00:01', '2018-09-07 04:37:34');
insert into categories (id, name, create_at, update_at) values (7, 'Hkyunxhhxvsew', '2018-03-04 10:44:57', '2020-03-03 16:13:06');
insert into categories (id, name, create_at, update_at) values (8, 'Luvsadeijehtx', '2016-05-31 19:09:12', '2019-07-06 20:55:44');
insert into categories (id, name, create_at, update_at) values (9, 'Jrqlyxucgaeph', '2016-12-05 13:40:12', '2020-05-08 21:39:05');
insert into categories (id, name, create_at, update_at) values (10, 'Wpnjhozzmolsk', '2017-06-02 13:13:13', '2019-08-22 21:57:19');
insert into categories (id, name, create_at, update_at) values (11, 'Mbmggqngszsmk', '2017-01-04 04:05:10', '2019-12-30 14:19:47');
insert into categories (id, name, create_at, update_at) values (12, 'Gdqmxruqmrqjh', '2017-09-13 06:30:47', '2019-11-05 15:25:31');
insert into categories (id, name, create_at, update_at) values (13, 'Tsvrnqieyiicr', '2016-05-30 21:40:12', '2018-06-22 08:03:27');
insert into categories (id, name, create_at, update_at) values (14, 'Zgooghhukvhuo', '2018-01-28 08:09:20', '2019-07-03 21:58:15');
insert into categories (id, name, create_at, update_at) values (15, 'Hvdskvzpffnvf', '2016-08-31 17:27:43', '2019-06-18 08:35:04');
insert into categories (id, name, create_at, update_at) values (16, 'Nhtrscwwgbblt', '2016-06-16 02:39:46', '2020-01-21 11:05:45');
insert into categories (id, name, create_at, update_at) values (17, 'Nsbojsskzzjbd', '2017-11-07 03:25:07', '2018-07-08 17:34:56');
insert into categories (id, name, create_at, update_at) values (18, 'Kgdcwcpiemoys', '2017-06-12 10:38:21', '2018-12-21 10:19:59');
insert into categories (id, name, create_at, update_at) values (19, 'Igbolwwzsgpcc', '2016-07-27 23:31:25', '2019-12-21 22:57:09');
insert into categories (id, name, create_at, update_at) values (20, 'Slwfkbgaqcocn', '2018-05-15 09:55:28', '2019-01-19 04:27:45');
insert into categories (id, name, create_at, update_at) values (21, 'Jbvrqbhjgnmms', '2015-11-04 20:15:55', '2019-04-16 17:15:27');
insert into categories (id, name, create_at, update_at) values (22, 'Edbuqulnyumgz', '2016-04-19 17:37:06', '2018-09-11 14:30:20');
insert into categories (id, name, create_at, update_at) values (23, 'Nmgcbvzhjrmfk', '2017-04-28 13:34:46', '2019-06-29 18:02:53');
insert into categories (id, name, create_at, update_at) values (24, 'Wojudcnmuglsg', '2018-02-11 03:42:34', '2020-02-07 03:22:21');
insert into categories (id, name, create_at, update_at) values (25, 'Pbjiybrejzchr', '2016-12-07 21:35:16', '2020-04-10 10:23:48');
insert into categories (id, name, create_at, update_at) values (26, 'Seokissbvygrt', '2015-11-25 07:56:23', '2019-01-31 09:45:13');
insert into categories (id, name, create_at, update_at) values (27, 'Wkemeqhsingwi', '2017-07-02 15:26:44', '2018-11-15 18:06:00');
insert into categories (id, name, create_at, update_at) values (28, 'Zhgalfykuwzhg', '2016-09-23 21:38:24', '2019-10-24 18:39:34');
insert into categories (id, name, create_at, update_at) values (29, 'Ehmejfbwpreoj', '2017-10-16 22:35:24', '2018-09-02 19:01:44');
insert into categories (id, name, create_at, update_at) values (30, 'Ucmjhwkpxxpgz', '2016-12-19 07:02:19', '2019-07-01 15:40:18');
insert into categories (id, name, create_at, update_at) values (31, 'Rceabgojwznyn', '2016-09-13 08:58:25', '2020-04-07 05:59:44');
insert into categories (id, name, create_at, update_at) values (32, 'Xwmxxkovukjxk', '2016-05-30 07:11:50', '2019-11-22 15:29:21');
insert into categories (id, name, create_at, update_at) values (33, 'Phihftuxygzdm', '2016-06-05 13:05:08', '2020-03-24 02:56:14');
insert into categories (id, name, create_at, update_at) values (34, 'Uphvigfqvucvz', '2016-02-09 06:52:09', '2019-01-15 12:08:43');
insert into categories (id, name, create_at, update_at) values (35, 'Lbmocjgrccgvs', '2017-09-24 21:24:23', '2020-04-22 07:39:53');
insert into categories (id, name, create_at, update_at) values (36, 'Ocvluovggooeb', '2017-11-14 11:42:36', '2018-09-17 06:05:56');
insert into categories (id, name, create_at, update_at) values (37, 'Raikfsfopcfoq', '2017-03-15 03:01:55', '2019-10-14 06:10:59');
insert into categories (id, name, create_at, update_at) values (38, 'Kutxzseqmppte', '2015-06-20 00:10:15', '2019-11-26 08:26:14');
insert into categories (id, name, create_at, update_at) values (39, 'Vaonfsyabfyks', '2017-05-26 12:52:18', '2019-03-24 14:00:52');
insert into categories (id, name, create_at, update_at) values (40, 'Tuflgfocjfmmv', '2018-06-05 10:52:14', '2020-04-04 15:00:26');
insert into categories (id, name, create_at, update_at) values (41, 'Uzhyaorkxvvcp', '2016-05-30 23:27:06', '2019-01-02 08:49:03');
insert into categories (id, name, create_at, update_at) values (42, 'Vewkrqysbumsy', '2015-06-17 23:40:54', '2019-01-08 18:23:28');
insert into categories (id, name, create_at, update_at) values (43, 'Bcyeosmfshbap', '2017-07-02 03:07:39', '2018-08-07 12:06:43');
insert into categories (id, name, create_at, update_at) values (44, 'Oyjwwkwxzcmas', '2016-01-13 15:43:39', '2018-08-15 07:55:40');
insert into categories (id, name, create_at, update_at) values (45, 'Uajbajcjmjvey', '2017-05-17 03:26:49', '2019-07-30 08:21:01');
insert into categories (id, name, create_at, update_at) values (46, 'Woyogctnorxmj', '2017-04-20 06:39:00', '2019-02-21 22:03:24');
insert into categories (id, name, create_at, update_at) values (47, 'Jyhlajgkbgujw', '2017-01-30 16:03:45', '2019-10-22 14:32:07');
insert into categories (id, name, create_at, update_at) values (48, 'Zmramiavlczyb', '2017-11-18 13:55:25', '2019-07-10 22:00:25');
insert into categories (id, name, create_at, update_at) values (49, 'Jonqeyxeufizs', '2017-02-18 15:18:38', '2019-05-15 20:09:42');
insert into categories (id, name, create_at, update_at) values (50, 'Ekzmhzpnxqjpp', '2015-11-13 01:10:56', '2018-10-20 04:13:42');

insert into stocks (product_id, store_id, count) values (99, 31, 5);
insert into stocks (product_id, store_id, count) values (11, 18, 5);
insert into stocks (product_id, store_id, count) values (95, 5, 3);
insert into stocks (product_id, store_id, count) values (71, 6, 10);
insert into stocks (product_id, store_id, count) values (64, 25, 7);
insert into stocks (product_id, store_id, count) values (67, 13, 5);
insert into stocks (product_id, store_id, count) values (70, 32, 4);
insert into stocks (product_id, store_id, count) values (37, 29, 10);
insert into stocks (product_id, store_id, count) values (47, 50, 10);
insert into stocks (product_id, store_id, count) values (91, 18, 2);
insert into stocks (product_id, store_id, count) values (3, 42, 6);
insert into stocks (product_id, store_id, count) values (76, 20, 9);
insert into stocks (product_id, store_id, count) values (70, 41, 3);
insert into stocks (product_id, store_id, count) values (46, 3, 4);
insert into stocks (product_id, store_id, count) values (30, 17, 5);
insert into stocks (product_id, store_id, count) values (31, 38, 10);
insert into stocks (product_id, store_id, count) values (10, 9, 4);
insert into stocks (product_id, store_id, count) values (92, 45, 6);
insert into stocks (product_id, store_id, count) values (15, 39, 8);
insert into stocks (product_id, store_id, count) values (9, 18, 4);
insert into stocks (product_id, store_id, count) values (62, 22, 3);
insert into stocks (product_id, store_id, count) values (23, 30, 9);
insert into stocks (product_id, store_id, count) values (17, 17, 9);
insert into stocks (product_id, store_id, count) values (86, 38, 3);
insert into stocks (product_id, store_id, count) values (47, 38, 1);
insert into stocks (product_id, store_id, count) values (70, 11, 10);
insert into stocks (product_id, store_id, count) values (6, 6, 7);
insert into stocks (product_id, store_id, count) values (78, 19, 8);
insert into stocks (product_id, store_id, count) values (34, 14, 7);
insert into stocks (product_id, store_id, count) values (9, 5, 6);
insert into stocks (product_id, store_id, count) values (90, 37, 10);
insert into stocks (product_id, store_id, count) values (11, 4, 6);
insert into stocks (product_id, store_id, count) values (59, 21, 5);
insert into stocks (product_id, store_id, count) values (96, 33, 6);
insert into stocks (product_id, store_id, count) values (45, 27, 4);
insert into stocks (product_id, store_id, count) values (89, 49, 9);
insert into stocks (product_id, store_id, count) values (54, 13, 6);
insert into stocks (product_id, store_id, count) values (82, 19, 6);
insert into stocks (product_id, store_id, count) values (85, 17, 9);
insert into stocks (product_id, store_id, count) values (100, 29, 2);
insert into stocks (product_id, store_id, count) values (33, 32, 1);
insert into stocks (product_id, store_id, count) values (8, 3, 4);
insert into stocks (product_id, store_id, count) values (91, 6, 9);
insert into stocks (product_id, store_id, count) values (34, 2, 4);
insert into stocks (product_id, store_id, count) values (89, 3, 2);
insert into stocks (product_id, store_id, count) values (87, 35, 3);
insert into stocks (product_id, store_id, count) values (77, 33, 3);
insert into stocks (product_id, store_id, count) values (28, 10, 8);
insert into stocks (product_id, store_id, count) values (61, 48, 9);
insert into stocks (product_id, store_id, count) values (18, 47, 7);
insert into stocks (product_id, store_id, count) values (73, 27, 1);
insert into stocks (product_id, store_id, count) values (84, 41, 6);
insert into stocks (product_id, store_id, count) values (79, 10, 7);
insert into stocks (product_id, store_id, count) values (89, 38, 9);
insert into stocks (product_id, store_id, count) values (25, 4, 8);
insert into stocks (product_id, store_id, count) values (32, 37, 8);
insert into stocks (product_id, store_id, count) values (53, 45, 4);
insert into stocks (product_id, store_id, count) values (74, 42, 2);
insert into stocks (product_id, store_id, count) values (23, 44, 6);
insert into stocks (product_id, store_id, count) values (32, 16, 3);
insert into stocks (product_id, store_id, count) values (42, 21, 3);
insert into stocks (product_id, store_id, count) values (37, 42, 3);
insert into stocks (product_id, store_id, count) values (100, 36, 10);
insert into stocks (product_id, store_id, count) values (79, 16, 2);
insert into stocks (product_id, store_id, count) values (86, 33, 7);
insert into stocks (product_id, store_id, count) values (44, 1, 5);
insert into stocks (product_id, store_id, count) values (94, 19, 4);
insert into stocks (product_id, store_id, count) values (54, 39, 5);
insert into stocks (product_id, store_id, count) values (15, 23, 4);
insert into stocks (product_id, store_id, count) values (66, 48, 1);
insert into stocks (product_id, store_id, count) values (79, 13, 2);
insert into stocks (product_id, store_id, count) values (65, 21, 6);
insert into stocks (product_id, store_id, count) values (23, 42, 1);
insert into stocks (product_id, store_id, count) values (60, 16, 2);
insert into stocks (product_id, store_id, count) values (52, 16, 7);
insert into stocks (product_id, store_id, count) values (19, 49, 8);
insert into stocks (product_id, store_id, count) values (92, 1, 3);
insert into stocks (product_id, store_id, count) values (17, 6, 5);
insert into stocks (product_id, store_id, count) values (11, 27, 10);
insert into stocks (product_id, store_id, count) values (24, 24, 10);
insert into stocks (product_id, store_id, count) values (11, 24, 2);
insert into stocks (product_id, store_id, count) values (47, 44, 10);
insert into stocks (product_id, store_id, count) values (90, 1, 6);
insert into stocks (product_id, store_id, count) values (2, 15, 1);
insert into stocks (product_id, store_id, count) values (60, 1, 7);
insert into stocks (product_id, store_id, count) values (36, 35, 6);
insert into stocks (product_id, store_id, count) values (52, 29, 2);
insert into stocks (product_id, store_id, count) values (81, 39, 9);
insert into stocks (product_id, store_id, count) values (54, 42, 8);
insert into stocks (product_id, store_id, count) values (9, 16, 2);
insert into stocks (product_id, store_id, count) values (18, 34, 1);
insert into stocks (product_id, store_id, count) values (3, 12, 7);
insert into stocks (product_id, store_id, count) values (44, 9, 8);
insert into stocks (product_id, store_id, count) values (85, 15, 3);
insert into stocks (product_id, store_id, count) values (23, 19, 5);
insert into stocks (product_id, store_id, count) values (88, 12, 10);
insert into stocks (product_id, store_id, count) values (4, 15, 10);
insert into stocks (product_id, store_id, count) values (14, 43, 4);
insert into stocks (product_id, store_id, count) values (88, 45, 8);
insert into stocks (product_id, store_id, count) values (74, 38, 8);
insert into stocks (product_id, store_id, count) values (9, 26, 3);
insert into stocks (product_id, store_id, count) values (3, 22, 2);
insert into stocks (product_id, store_id, count) values (79, 43, 10);
insert into stocks (product_id, store_id, count) values (59, 27, 1);
insert into stocks (product_id, store_id, count) values (60, 15, 8);
insert into stocks (product_id, store_id, count) values (4, 9, 3);
insert into stocks (product_id, store_id, count) values (23, 31, 9);
insert into stocks (product_id, store_id, count) values (15, 46, 9);
insert into stocks (product_id, store_id, count) values (18, 49, 8);
insert into stocks (product_id, store_id, count) values (83, 13, 3);
insert into stocks (product_id, store_id, count) values (42, 45, 1);
insert into stocks (product_id, store_id, count) values (80, 16, 7);
insert into stocks (product_id, store_id, count) values (5, 16, 1);
insert into stocks (product_id, store_id, count) values (42, 19, 10);
insert into stocks (product_id, store_id, count) values (93, 24, 8);
insert into stocks (product_id, store_id, count) values (87, 34, 2);
insert into stocks (product_id, store_id, count) values (44, 7, 8);
insert into stocks (product_id, store_id, count) values (30, 20, 4);
insert into stocks (product_id, store_id, count) values (23, 20, 7);
insert into stocks (product_id, store_id, count) values (63, 30, 8);
insert into stocks (product_id, store_id, count) values (5, 48, 6);
insert into stocks (product_id, store_id, count) values (75, 33, 3);
insert into stocks (product_id, store_id, count) values (45, 25, 5);
insert into stocks (product_id, store_id, count) values (84, 37, 4);
insert into stocks (product_id, store_id, count) values (50, 45, 9);
insert into stocks (product_id, store_id, count) values (68, 14, 1);
insert into stocks (product_id, store_id, count) values (22, 40, 1);
insert into stocks (product_id, store_id, count) values (76, 43, 3);
insert into stocks (product_id, store_id, count) values (75, 16, 2);
insert into stocks (product_id, store_id, count) values (93, 38, 5);
insert into stocks (product_id, store_id, count) values (83, 2, 7);
insert into stocks (product_id, store_id, count) values (41, 46, 7);
insert into stocks (product_id, store_id, count) values (91, 22, 5);
insert into stocks (product_id, store_id, count) values (37, 34, 4);
insert into stocks (product_id, store_id, count) values (93, 15, 8);
insert into stocks (product_id, store_id, count) values (17, 22, 6);
insert into stocks (product_id, store_id, count) values (57, 11, 9);
insert into stocks (product_id, store_id, count) values (73, 41, 4);
insert into stocks (product_id, store_id, count) values (8, 6, 1);
insert into stocks (product_id, store_id, count) values (54, 23, 8);
insert into stocks (product_id, store_id, count) values (39, 20, 6);
insert into stocks (product_id, store_id, count) values (62, 12, 1);
insert into stocks (product_id, store_id, count) values (17, 37, 9);
insert into stocks (product_id, store_id, count) values (70, 40, 2);
insert into stocks (product_id, store_id, count) values (94, 21, 4);
insert into stocks (product_id, store_id, count) values (4, 47, 9);
insert into stocks (product_id, store_id, count) values (27, 2, 10);
insert into stocks (product_id, store_id, count) values (13, 13, 2);
insert into stocks (product_id, store_id, count) values (22, 35, 9);
insert into stocks (product_id, store_id, count) values (7, 24, 5);
insert into stocks (product_id, store_id, count) values (30, 16, 1);
insert into stocks (product_id, store_id, count) values (99, 4, 4);
insert into stocks (product_id, store_id, count) values (80, 1, 8);
insert into stocks (product_id, store_id, count) values (75, 11, 8);
insert into stocks (product_id, store_id, count) values (40, 36, 8);
insert into stocks (product_id, store_id, count) values (75, 21, 3);
insert into stocks (product_id, store_id, count) values (16, 9, 9);
insert into stocks (product_id, store_id, count) values (87, 1, 7);
insert into stocks (product_id, store_id, count) values (100, 31, 6);
insert into stocks (product_id, store_id, count) values (1, 11, 5);
insert into stocks (product_id, store_id, count) values (97, 31, 8);
insert into stocks (product_id, store_id, count) values (6, 8, 10);
insert into stocks (product_id, store_id, count) values (19, 10, 1);
insert into stocks (product_id, store_id, count) values (6, 15, 2);
insert into stocks (product_id, store_id, count) values (32, 23, 3);
insert into stocks (product_id, store_id, count) values (49, 44, 6);
insert into stocks (product_id, store_id, count) values (1, 49, 3);
insert into stocks (product_id, store_id, count) values (58, 16, 5);
insert into stocks (product_id, store_id, count) values (44, 35, 4);
insert into stocks (product_id, store_id, count) values (69, 31, 10);
insert into stocks (product_id, store_id, count) values (62, 24, 4);
insert into stocks (product_id, store_id, count) values (12, 24, 4);
insert into stocks (product_id, store_id, count) values (85, 48, 10);
insert into stocks (product_id, store_id, count) values (30, 2, 8);
insert into stocks (product_id, store_id, count) values (6, 20, 7);
insert into stocks (product_id, store_id, count) values (91, 49, 6);
insert into stocks (product_id, store_id, count) values (87, 28, 4);
insert into stocks (product_id, store_id, count) values (5, 33, 8);
insert into stocks (product_id, store_id, count) values (89, 43, 8);
insert into stocks (product_id, store_id, count) values (89, 10, 2);
insert into stocks (product_id, store_id, count) values (94, 15, 5);
insert into stocks (product_id, store_id, count) values (17, 41, 2);
insert into stocks (product_id, store_id, count) values (37, 11, 1);
insert into stocks (product_id, store_id, count) values (28, 36, 2);
insert into stocks (product_id, store_id, count) values (91, 24, 3);
insert into stocks (product_id, store_id, count) values (20, 1, 9);
insert into stocks (product_id, store_id, count) values (11, 41, 4);
insert into stocks (product_id, store_id, count) values (65, 36, 2);
insert into stocks (product_id, store_id, count) values (44, 44, 9);
insert into stocks (product_id, store_id, count) values (43, 28, 4);
insert into stocks (product_id, store_id, count) values (76, 27, 2);
insert into stocks (product_id, store_id, count) values (75, 26, 5);
insert into stocks (product_id, store_id, count) values (47, 24, 5);
insert into stocks (product_id, store_id, count) values (72, 46, 10);
insert into stocks (product_id, store_id, count) values (94, 10, 10);
insert into stocks (product_id, store_id, count) values (41, 3, 6);
insert into stocks (product_id, store_id, count) values (65, 16, 9);

insert into product_categories (product_id, category_id) values (1, 41);
insert into product_categories (product_id, category_id) values (2, 44);
insert into product_categories (product_id, category_id) values (3, 38);
insert into product_categories (product_id, category_id) values (4, 1);
insert into product_categories (product_id, category_id) values (5, 45);
insert into product_categories (product_id, category_id) values (6, 10);
insert into product_categories (product_id, category_id) values (7, 7);
insert into product_categories (product_id, category_id) values (8, 43);
insert into product_categories (product_id, category_id) values (9, 47);
insert into product_categories (product_id, category_id) values (10, 40);
insert into product_categories (product_id, category_id) values (11, 45);
insert into product_categories (product_id, category_id) values (12, 27);
insert into product_categories (product_id, category_id) values (13, 10);
insert into product_categories (product_id, category_id) values (14, 48);
insert into product_categories (product_id, category_id) values (15, 20);
insert into product_categories (product_id, category_id) values (16, 28);
insert into product_categories (product_id, category_id) values (17, 22);
insert into product_categories (product_id, category_id) values (18, 11);
insert into product_categories (product_id, category_id) values (19, 29);
insert into product_categories (product_id, category_id) values (20, 47);
insert into product_categories (product_id, category_id) values (21, 42);
insert into product_categories (product_id, category_id) values (22, 16);
insert into product_categories (product_id, category_id) values (23, 41);
insert into product_categories (product_id, category_id) values (24, 35);
insert into product_categories (product_id, category_id) values (25, 5);
insert into product_categories (product_id, category_id) values (26, 1);
insert into product_categories (product_id, category_id) values (27, 37);
insert into product_categories (product_id, category_id) values (28, 7);
insert into product_categories (product_id, category_id) values (29, 33);
insert into product_categories (product_id, category_id) values (30, 12);
insert into product_categories (product_id, category_id) values (31, 15);
insert into product_categories (product_id, category_id) values (32, 16);
insert into product_categories (product_id, category_id) values (33, 22);
insert into product_categories (product_id, category_id) values (34, 1);
insert into product_categories (product_id, category_id) values (35, 27);
insert into product_categories (product_id, category_id) values (36, 38);
insert into product_categories (product_id, category_id) values (37, 29);
insert into product_categories (product_id, category_id) values (38, 45);
insert into product_categories (product_id, category_id) values (39, 4);
insert into product_categories (product_id, category_id) values (40, 38);
insert into product_categories (product_id, category_id) values (41, 2);
insert into product_categories (product_id, category_id) values (42, 49);
insert into product_categories (product_id, category_id) values (43, 12);
insert into product_categories (product_id, category_id) values (44, 19);
insert into product_categories (product_id, category_id) values (45, 4);
insert into product_categories (product_id, category_id) values (46, 49);
insert into product_categories (product_id, category_id) values (47, 10);
insert into product_categories (product_id, category_id) values (48, 24);
insert into product_categories (product_id, category_id) values (49, 50);
insert into product_categories (product_id, category_id) values (50, 24);
insert into product_categories (product_id, category_id) values (51, 28);
insert into product_categories (product_id, category_id) values (52, 40);
insert into product_categories (product_id, category_id) values (53, 33);
insert into product_categories (product_id, category_id) values (54, 34);
insert into product_categories (product_id, category_id) values (55, 35);
insert into product_categories (product_id, category_id) values (56, 36);
insert into product_categories (product_id, category_id) values (57, 33);
insert into product_categories (product_id, category_id) values (58, 18);
insert into product_categories (product_id, category_id) values (59, 25);
insert into product_categories (product_id, category_id) values (60, 24);
insert into product_categories (product_id, category_id) values (61, 40);
insert into product_categories (product_id, category_id) values (62, 33);
insert into product_categories (product_id, category_id) values (63, 14);
insert into product_categories (product_id, category_id) values (64, 46);
insert into product_categories (product_id, category_id) values (65, 33);
insert into product_categories (product_id, category_id) values (66, 50);
insert into product_categories (product_id, category_id) values (67, 32);
insert into product_categories (product_id, category_id) values (68, 15);
insert into product_categories (product_id, category_id) values (69, 47);
insert into product_categories (product_id, category_id) values (70, 28);
insert into product_categories (product_id, category_id) values (71, 1);
insert into product_categories (product_id, category_id) values (72, 10);
insert into product_categories (product_id, category_id) values (73, 32);
insert into product_categories (product_id, category_id) values (74, 14);
insert into product_categories (product_id, category_id) values (75, 35);
insert into product_categories (product_id, category_id) values (76, 2);
insert into product_categories (product_id, category_id) values (77, 36);
insert into product_categories (product_id, category_id) values (78, 36);
insert into product_categories (product_id, category_id) values (79, 33);
insert into product_categories (product_id, category_id) values (80, 49);
insert into product_categories (product_id, category_id) values (81, 11);
insert into product_categories (product_id, category_id) values (82, 2);
insert into product_categories (product_id, category_id) values (83, 24);
insert into product_categories (product_id, category_id) values (84, 10);
insert into product_categories (product_id, category_id) values (85, 27);
insert into product_categories (product_id, category_id) values (86, 19);
insert into product_categories (product_id, category_id) values (87, 5);
insert into product_categories (product_id, category_id) values (88, 30);
insert into product_categories (product_id, category_id) values (89, 50);
insert into product_categories (product_id, category_id) values (90, 35);
insert into product_categories (product_id, category_id) values (91, 42);
insert into product_categories (product_id, category_id) values (92, 15);
insert into product_categories (product_id, category_id) values (93, 50);
insert into product_categories (product_id, category_id) values (94, 32);
insert into product_categories (product_id, category_id) values (95, 46);
insert into product_categories (product_id, category_id) values (96, 2);
insert into product_categories (product_id, category_id) values (97, 7);
insert into product_categories (product_id, category_id) values (98, 18);
insert into product_categories (product_id, category_id) values (99, 39);
insert into product_categories (product_id, category_id) values (100, 10);

insert into prices (id, product_id, price, date_from, date_to) values (1, 25, 4749.4, '2017-12-01 12:49:27', '2019-10-26 08:48:52');
insert into prices (id, product_id, price, date_from, date_to) values (2, 47, 2084.8, '2017-02-14 18:13:20', '2019-06-20 01:09:42');
insert into prices (id, product_id, price, date_from, date_to) values (3, 72, 3655.6, '2017-10-25 15:27:12', '2019-08-01 15:14:14');
insert into prices (id, product_id, price, date_from, date_to) values (4, 20, 1007.3, '2017-12-20 13:43:22', '2019-09-26 18:08:18');
insert into prices (id, product_id, price, date_from, date_to) values (5, 97, 6204.1, '2017-07-24 16:41:41', '2020-04-13 07:12:44');
insert into prices (id, product_id, price, date_from, date_to) values (6, 90, 1629.8, '2018-02-16 21:21:52', '2020-02-05 18:52:24');
insert into prices (id, product_id, price, date_from, date_to) values (7, 72, 2488.1, '2018-01-14 11:47:25', '2020-02-17 20:24:11');
insert into prices (id, product_id, price, date_from, date_to) values (8, 92, 8553.2, '2016-10-01 12:25:00', '2020-03-23 23:44:01');
insert into prices (id, product_id, price, date_from, date_to) values (9, 43, 7254.2, '2017-06-23 05:24:00', '2019-09-28 02:12:43');
insert into prices (id, product_id, price, date_from, date_to) values (10, 76, 3970.4, '2017-05-02 20:03:48', '2019-08-10 08:44:14');
insert into prices (id, product_id, price, date_from, date_to) values (11, 86, 3966.6, '2016-10-18 01:30:14', '2019-11-25 01:22:08');
insert into prices (id, product_id, price, date_from, date_to) values (12, 28, 5399.8, '2017-02-23 21:15:20', '2019-07-22 05:48:25');
insert into prices (id, product_id, price, date_from, date_to) values (13, 56, 4256.5, '2017-01-25 21:53:54', '2020-02-01 05:29:47');
insert into prices (id, product_id, price, date_from, date_to) values (14, 95, 5225.7, '2018-02-09 14:07:45', '2020-03-07 02:12:44');
insert into prices (id, product_id, price, date_from, date_to) values (15, 65, 5480.1, '2016-12-10 18:58:21', '2019-11-09 05:20:09');
insert into prices (id, product_id, price, date_from, date_to) values (16, 98, 7236.4, '2017-05-30 19:57:07', '2020-02-12 14:13:37');
insert into prices (id, product_id, price, date_from, date_to) values (17, 90, 7377.0, '2017-03-11 15:39:22', '2020-02-14 23:35:05');
insert into prices (id, product_id, price, date_from, date_to) values (18, 75, 5176.9, '2018-04-14 17:04:52', '2020-06-02 04:46:31');
insert into prices (id, product_id, price, date_from, date_to) values (19, 76, 2498.7, '2017-10-02 21:56:52', '2020-05-19 02:09:51');
insert into prices (id, product_id, price, date_from, date_to) values (20, 96, 7790.9, '2017-09-21 12:25:40', '2019-09-19 23:39:50');
insert into prices (id, product_id, price, date_from, date_to) values (21, 45, 9255.9, '2016-06-22 17:19:31', '2020-06-02 20:39:48');
insert into prices (id, product_id, price, date_from, date_to) values (22, 9, 3375.0, '2016-12-03 18:48:23', '2019-08-23 09:46:09');
insert into prices (id, product_id, price, date_from, date_to) values (23, 4, 3452.9, '2016-07-06 02:38:21', null);
insert into prices (id, product_id, price, date_from, date_to) values (24, 98, 5764.6, '2017-07-07 12:00:35', '2020-06-02 13:25:39');
insert into prices (id, product_id, price, date_from, date_to) values (25, 70, 5507.3, '2016-07-16 17:03:18', '2020-02-09 03:59:39');
insert into prices (id, product_id, price, date_from, date_to) values (26, 72, 4980.7, '2017-12-16 15:16:59', '2019-11-15 11:08:37');
insert into prices (id, product_id, price, date_from, date_to) values (27, 40, 5190.9, '2016-12-05 15:37:18', '2019-07-20 06:17:42');
insert into prices (id, product_id, price, date_from, date_to) values (28, 82, 9885.9, '2017-06-17 19:59:57', '2019-12-11 08:42:06');
insert into prices (id, product_id, price, date_from, date_to) values (29, 72, 9385.6, '2017-09-28 17:42:43', '2019-06-24 00:19:04');
insert into prices (id, product_id, price, date_from, date_to) values (30, 84, 1149.0, '2018-04-01 23:31:42', '2019-08-10 13:31:53');
insert into prices (id, product_id, price, date_from, date_to) values (31, 32, 3111.5, '2018-03-06 09:47:31', '2019-11-23 20:57:02');
insert into prices (id, product_id, price, date_from, date_to) values (32, 18, 4822.7, '2017-02-11 13:18:49', '2020-05-11 12:51:26');
insert into prices (id, product_id, price, date_from, date_to) values (33, 46, 7412.6, '2017-01-30 05:35:20', '2019-10-12 21:31:35');
insert into prices (id, product_id, price, date_from, date_to) values (34, 23, 7667.7, '2016-07-06 14:41:35', '2020-04-22 06:51:50');
insert into prices (id, product_id, price, date_from, date_to) values (35, 70, 4583.2, '2016-09-13 06:19:05', '2019-10-03 23:00:10');
insert into prices (id, product_id, price, date_from, date_to) values (36, 31, 4186.4, '2017-03-19 12:48:00', '2020-01-13 10:41:57');
insert into prices (id, product_id, price, date_from, date_to) values (37, 54, 9679.0, '2018-02-28 23:36:06', '2020-04-24 20:00:21');
insert into prices (id, product_id, price, date_from, date_to) values (38, 14, 1496.0, '2017-04-19 16:07:38', '2020-02-11 01:34:11');
insert into prices (id, product_id, price, date_from, date_to) values (39, 4, 5480.7, '2017-07-22 09:44:04', '2020-03-31 16:56:20');
insert into prices (id, product_id, price, date_from, date_to) values (40, 77, 7032.3, '2016-08-14 15:26:54', '2020-03-23 21:24:15');
insert into prices (id, product_id, price, date_from, date_to) values (41, 18, 7915.0, '2017-04-12 20:09:28', null);
insert into prices (id, product_id, price, date_from, date_to) values (42, 66, 4358.4, '2017-10-13 19:36:05', null);
insert into prices (id, product_id, price, date_from, date_to) values (43, 32, 5537.3, '2018-04-23 01:15:09', '2019-09-07 14:40:49');
insert into prices (id, product_id, price, date_from, date_to) values (44, 64, 2020.9, '2018-03-19 19:55:36', '2019-10-03 07:27:30');
insert into prices (id, product_id, price, date_from, date_to) values (45, 64, 6717.0, '2017-01-12 09:29:55', '2020-03-24 14:32:11');
insert into prices (id, product_id, price, date_from, date_to) values (46, 95, 7006.1, '2017-01-25 08:08:41', '2019-10-08 23:54:10');
insert into prices (id, product_id, price, date_from, date_to) values (47, 40, 1131.7, '2017-01-30 12:49:13', '2019-06-12 08:51:07');
insert into prices (id, product_id, price, date_from, date_to) values (48, 64, 7755.3, '2017-05-28 11:00:57', '2020-04-30 04:39:20');
insert into prices (id, product_id, price, date_from, date_to) values (49, 61, 5401.9, '2018-04-14 17:09:28', '2020-02-12 09:31:55');
insert into prices (id, product_id, price, date_from, date_to) values (50, 45, 2843.8, '2017-12-16 15:22:36', '2020-04-22 09:05:15');
insert into prices (id, product_id, price, date_from, date_to) values (51, 99, 2998.6, '2016-09-29 17:37:12', '2019-09-10 03:48:25');
insert into prices (id, product_id, price, date_from, date_to) values (52, 81, 4976.3, '2018-05-21 09:25:18', '2019-11-25 00:56:30');
insert into prices (id, product_id, price, date_from, date_to) values (53, 61, 4725.5, '2017-06-22 04:40:18', '2019-06-29 21:31:49');
insert into prices (id, product_id, price, date_from, date_to) values (54, 66, 7634.8, '2018-02-18 18:32:48', '2019-11-01 06:55:42');
insert into prices (id, product_id, price, date_from, date_to) values (55, 48, 2399.2, '2018-01-14 08:57:54', '2020-01-01 16:25:45');
insert into prices (id, product_id, price, date_from, date_to) values (56, 83, 2696.5, '2016-10-17 07:20:32', '2020-05-11 14:21:01');
insert into prices (id, product_id, price, date_from, date_to) values (57, 15, 3948.2, '2016-11-06 17:14:15', '2020-06-06 08:09:05');
insert into prices (id, product_id, price, date_from, date_to) values (58, 70, 3042.9, '2016-12-17 21:45:18', '2020-03-15 20:53:46');
insert into prices (id, product_id, price, date_from, date_to) values (59, 44, 7587.9, '2017-12-02 10:21:57', '2019-12-14 09:11:48');
insert into prices (id, product_id, price, date_from, date_to) values (60, 59, 5173.4, '2018-04-26 08:08:28', '2020-03-23 06:05:49');
insert into prices (id, product_id, price, date_from, date_to) values (61, 59, 3174.6, '2016-06-23 06:38:33', '2019-11-01 19:36:06');
insert into prices (id, product_id, price, date_from, date_to) values (62, 80, 6282.8, '2017-03-09 08:01:07', '2019-08-18 05:51:06');
insert into prices (id, product_id, price, date_from, date_to) values (63, 51, 6623.6, '2017-10-30 21:53:28', '2019-11-21 12:46:33');
insert into prices (id, product_id, price, date_from, date_to) values (64, 11, 9135.9, '2018-02-20 18:54:01', '2020-05-01 22:03:46');
insert into prices (id, product_id, price, date_from, date_to) values (65, 56, 5723.4, '2016-12-22 09:02:23', '2020-01-25 19:20:46');
insert into prices (id, product_id, price, date_from, date_to) values (66, 83, 5177.0, '2017-05-11 22:16:33', '2019-12-27 23:56:55');
insert into prices (id, product_id, price, date_from, date_to) values (67, 92, 4791.8, '2016-09-19 16:59:47', '2020-02-19 21:30:27');
insert into prices (id, product_id, price, date_from, date_to) values (68, 18, 7691.4, '2017-12-07 08:01:51', '2019-10-06 14:43:06');
insert into prices (id, product_id, price, date_from, date_to) values (69, 67, 8062.9, '2017-12-31 16:05:11', '2020-04-07 23:04:08');
insert into prices (id, product_id, price, date_from, date_to) values (70, 23, 6112.8, '2016-07-02 23:49:16', '2019-09-11 09:51:44');
insert into prices (id, product_id, price, date_from, date_to) values (71, 52, 1258.0, '2017-12-28 02:10:49', '2019-08-06 21:06:43');
insert into prices (id, product_id, price, date_from, date_to) values (72, 67, 9566.5, '2018-01-05 13:06:29', '2019-07-15 16:33:26');
insert into prices (id, product_id, price, date_from, date_to) values (73, 89, 4197.8, '2017-07-11 03:12:01', '2019-09-24 16:30:14');
insert into prices (id, product_id, price, date_from, date_to) values (74, 2, 3594.9, '2018-02-16 14:17:56', '2020-04-03 19:38:11');
insert into prices (id, product_id, price, date_from, date_to) values (75, 77, 1826.8, '2017-08-29 06:27:06', '2020-03-16 12:34:49');
insert into prices (id, product_id, price, date_from, date_to) values (76, 59, 5617.2, '2017-12-29 04:51:39', '2020-05-23 05:08:50');
insert into prices (id, product_id, price, date_from, date_to) values (77, 95, 3173.3, '2016-07-28 07:09:28', '2019-12-07 03:27:57');
insert into prices (id, product_id, price, date_from, date_to) values (78, 84, 4906.3, '2016-07-11 06:43:45', '2020-05-14 02:54:49');
insert into prices (id, product_id, price, date_from, date_to) values (79, 96, 3582.2, '2018-04-28 03:39:12', '2020-01-13 22:25:59');
insert into prices (id, product_id, price, date_from, date_to) values (80, 10, 6643.6, '2017-02-25 01:42:43', '2020-01-07 02:45:46');
insert into prices (id, product_id, price, date_from, date_to) values (81, 3, 2594.8, '2016-06-25 04:53:43', '2019-08-13 01:11:24');
insert into prices (id, product_id, price, date_from, date_to) values (82, 20, 9386.3, '2017-06-29 05:27:01', '2019-10-04 12:34:57');
insert into prices (id, product_id, price, date_from, date_to) values (83, 33, 2080.0, '2017-12-08 18:32:52', '2020-03-07 03:18:23');
insert into prices (id, product_id, price, date_from, date_to) values (84, 27, 1020.3, '2017-08-03 16:25:01', '2019-07-27 08:32:21');
insert into prices (id, product_id, price, date_from, date_to) values (85, 69, 4903.4, '2018-01-08 11:36:35', '2020-02-18 04:56:08');
insert into prices (id, product_id, price, date_from, date_to) values (86, 14, 3136.0, '2017-09-17 15:59:30', '2019-09-02 15:03:38');
insert into prices (id, product_id, price, date_from, date_to) values (87, 69, 2405.2, '2016-06-09 01:52:10', '2020-04-05 16:39:05');
insert into prices (id, product_id, price, date_from, date_to) values (88, 77, 5516.4, '2017-06-28 01:50:42', '2020-03-25 19:13:25');
insert into prices (id, product_id, price, date_from, date_to) values (89, 68, 9718.9, '2016-07-18 18:35:16', '2019-10-24 08:34:23');
insert into prices (id, product_id, price, date_from, date_to) values (90, 60, 8908.4, '2016-10-10 22:59:05', '2019-08-06 12:05:47');
insert into prices (id, product_id, price, date_from, date_to) values (91, 91, 4519.6, '2018-02-03 13:50:42', '2020-01-31 09:16:36');
insert into prices (id, product_id, price, date_from, date_to) values (92, 52, 1542.2, '2016-06-18 11:38:31', '2020-03-22 01:48:16');
insert into prices (id, product_id, price, date_from, date_to) values (93, 25, 7511.0, '2017-06-20 23:48:58', '2020-04-15 14:29:16');
insert into prices (id, product_id, price, date_from, date_to) values (94, 7, 1655.7, '2017-08-20 23:35:53', '2020-04-14 18:46:05');
insert into prices (id, product_id, price, date_from, date_to) values (95, 22, 4657.5, '2017-03-14 03:51:26', '2019-08-13 23:56:32');
insert into prices (id, product_id, price, date_from, date_to) values (96, 78, 4110.9, '2018-01-08 11:01:51', '2020-04-16 12:26:01');
insert into prices (id, product_id, price, date_from, date_to) values (97, 90, 1886.1, '2018-03-18 19:20:59', '2019-11-06 14:06:11');
insert into prices (id, product_id, price, date_from, date_to) values (98, 94, 3529.4, '2016-11-12 12:38:28', '2020-06-06 19:03:02');
insert into prices (id, product_id, price, date_from, date_to) values (99, 2, 1127.0, '2018-04-20 13:40:38', '2019-12-10 21:31:38');
insert into prices (id, product_id, price, date_from, date_to) values (100, 75, 1363.6, '2016-08-04 17:19:50', '2019-06-17 21:25:46');
insert into prices (id, product_id, price, date_from, date_to) values (101, 72, 5195.0, '2017-08-21 08:33:52', '2020-03-11 19:11:11');
insert into prices (id, product_id, price, date_from, date_to) values (102, 53, 5371.6, '2017-08-23 23:34:09', '2020-02-08 13:23:39');
insert into prices (id, product_id, price, date_from, date_to) values (103, 34, 4020.8, '2017-07-05 06:51:21', '2020-05-26 11:10:48');
insert into prices (id, product_id, price, date_from, date_to) values (104, 11, 7684.0, '2017-11-15 00:51:47', '2020-01-14 22:55:28');
insert into prices (id, product_id, price, date_from, date_to) values (105, 65, 8319.2, '2017-10-19 09:47:53', '2019-10-14 06:58:12');
insert into prices (id, product_id, price, date_from, date_to) values (106, 20, 2794.5, '2016-06-25 09:17:59', '2019-08-05 11:31:31');
insert into prices (id, product_id, price, date_from, date_to) values (107, 24, 9491.1, '2016-06-27 15:32:36', '2019-08-18 05:20:44');
insert into prices (id, product_id, price, date_from, date_to) values (108, 17, 6445.4, '2017-11-08 02:20:02', '2019-06-14 03:47:05');
insert into prices (id, product_id, price, date_from, date_to) values (109, 2, 9170.1, '2016-08-25 17:48:45', '2020-01-17 07:24:39');
insert into prices (id, product_id, price, date_from, date_to) values (110, 55, 1492.6, '2018-05-13 04:15:34', '2020-02-22 19:04:49');
insert into prices (id, product_id, price, date_from, date_to) values (111, 27, 7909.5, '2016-06-29 06:50:45', '2019-06-11 12:33:08');
insert into prices (id, product_id, price, date_from, date_to) values (112, 93, 2206.9, '2017-01-19 11:51:47', '2020-05-02 20:35:40');
insert into prices (id, product_id, price, date_from, date_to) values (113, 9, 6975.8, '2018-02-25 12:17:59', '2020-05-03 10:42:05');
insert into prices (id, product_id, price, date_from, date_to) values (114, 11, 7086.8, '2017-08-03 10:12:10', '2020-05-17 16:17:03');
insert into prices (id, product_id, price, date_from, date_to) values (115, 88, 8192.7, '2018-06-07 10:41:55', '2019-06-12 19:18:20');
insert into prices (id, product_id, price, date_from, date_to) values (116, 88, 8616.4, '2016-10-18 03:35:16', '2019-11-12 09:26:51');
insert into prices (id, product_id, price, date_from, date_to) values (117, 1, 9639.8, '2016-06-21 11:17:35', '2019-11-17 20:50:22');
insert into prices (id, product_id, price, date_from, date_to) values (118, 78, 7942.6, '2017-06-23 06:04:53', '2019-12-23 00:32:18');
insert into prices (id, product_id, price, date_from, date_to) values (119, 86, 7277.4, '2017-03-17 19:03:23', '2020-03-30 07:50:40');
insert into prices (id, product_id, price, date_from, date_to) values (120, 12, 8301.9, '2017-05-28 22:39:44', '2019-12-25 02:16:37');
insert into prices (id, product_id, price, date_from, date_to) values (121, 34, 7431.0, '2017-04-21 08:23:50', '2019-08-04 16:31:16');
insert into prices (id, product_id, price, date_from, date_to) values (122, 32, 6088.2, '2016-11-01 04:21:36', '2019-06-21 12:57:35');
insert into prices (id, product_id, price, date_from, date_to) values (123, 36, 8439.5, '2018-03-02 22:32:33', '2019-12-27 22:02:16');
insert into prices (id, product_id, price, date_from, date_to) values (124, 33, 4413.2, '2017-10-10 03:27:49', '2019-11-26 15:50:38');
insert into prices (id, product_id, price, date_from, date_to) values (125, 72, 9867.5, '2017-08-25 10:31:19', '2019-08-10 08:33:51');
insert into prices (id, product_id, price, date_from, date_to) values (126, 30, 4084.1, '2017-08-07 15:12:26', '2020-01-14 21:49:15');
insert into prices (id, product_id, price, date_from, date_to) values (127, 72, 5492.0, '2017-07-19 02:35:27', '2019-09-16 06:21:22');
insert into prices (id, product_id, price, date_from, date_to) values (128, 50, 3159.1, '2017-08-18 10:38:40', '2020-06-06 18:36:28');
insert into prices (id, product_id, price, date_from, date_to) values (129, 36, 8491.3, '2016-08-09 17:55:32', '2019-11-24 01:42:49');
insert into prices (id, product_id, price, date_from, date_to) values (130, 33, 2481.6, '2018-01-05 15:42:33', '2020-06-01 07:01:17');
insert into prices (id, product_id, price, date_from, date_to) values (131, 50, 3854.8, '2017-09-09 21:30:33', '2020-02-02 13:16:32');
insert into prices (id, product_id, price, date_from, date_to) values (132, 19, 1202.6, '2017-01-28 16:30:35', '2019-10-23 04:55:46');
insert into prices (id, product_id, price, date_from, date_to) values (133, 95, 1460.1, '2017-08-15 03:36:32', '2019-07-12 11:35:19');
insert into prices (id, product_id, price, date_from, date_to) values (134, 92, 4792.9, '2016-08-06 22:04:56', '2019-11-17 10:06:25');
insert into prices (id, product_id, price, date_from, date_to) values (135, 21, 9970.2, '2017-06-06 07:27:10', '2019-06-21 13:26:16');
insert into prices (id, product_id, price, date_from, date_to) values (136, 53, 5705.4, '2017-07-19 19:52:29', null);
insert into prices (id, product_id, price, date_from, date_to) values (137, 71, 7586.9, '2017-01-23 23:28:07', '2019-06-09 15:46:03');
insert into prices (id, product_id, price, date_from, date_to) values (138, 91, 8052.8, '2017-11-27 10:13:03', '2019-08-03 22:58:08');
insert into prices (id, product_id, price, date_from, date_to) values (139, 16, 3191.2, '2017-02-27 08:09:53', '2019-06-23 06:46:48');
insert into prices (id, product_id, price, date_from, date_to) values (140, 60, 9991.3, '2016-07-26 00:07:00', '2019-12-16 02:02:40');
insert into prices (id, product_id, price, date_from, date_to) values (141, 13, 8092.3, '2017-01-19 18:35:52', '2019-10-19 15:29:30');
insert into prices (id, product_id, price, date_from, date_to) values (142, 32, 3385.8, '2017-12-19 09:10:09', '2019-07-08 15:11:41');
insert into prices (id, product_id, price, date_from, date_to) values (143, 7, 9406.4, '2016-12-21 22:38:38', '2020-04-06 08:26:58');
insert into prices (id, product_id, price, date_from, date_to) values (144, 17, 8235.1, '2016-12-18 01:33:38', '2019-08-20 02:43:18');
insert into prices (id, product_id, price, date_from, date_to) values (145, 97, 5336.8, '2017-12-26 03:54:45', '2019-10-09 09:12:28');
insert into prices (id, product_id, price, date_from, date_to) values (146, 16, 9756.4, '2017-04-18 15:07:37', '2019-12-29 08:48:55');
insert into prices (id, product_id, price, date_from, date_to) values (147, 49, 8869.1, '2017-09-24 17:33:25', '2019-10-05 01:23:48');
insert into prices (id, product_id, price, date_from, date_to) values (148, 93, 2991.1, '2018-03-16 03:23:45', '2020-04-22 17:14:09');
insert into prices (id, product_id, price, date_from, date_to) values (149, 12, 4038.9, '2017-03-04 10:34:52', '2019-08-27 07:01:04');
insert into prices (id, product_id, price, date_from, date_to) values (150, 68, 4358.9, '2016-07-19 07:20:39', '2019-07-15 08:36:32');
insert into prices (id, product_id, price, date_from, date_to) values (151, 22, 4884.8, '2017-03-03 08:29:56', '2020-04-15 11:02:33');
insert into prices (id, product_id, price, date_from, date_to) values (152, 21, 1473.9, '2016-10-13 07:41:30', '2019-08-11 06:29:03');
insert into prices (id, product_id, price, date_from, date_to) values (153, 100, 6993.4, '2016-08-18 04:03:55', '2019-10-14 22:46:50');
insert into prices (id, product_id, price, date_from, date_to) values (154, 94, 8524.9, '2017-08-01 20:55:33', '2019-09-15 14:28:45');
insert into prices (id, product_id, price, date_from, date_to) values (155, 2, 5186.1, '2017-11-18 04:30:01', '2020-01-10 10:15:05');
insert into prices (id, product_id, price, date_from, date_to) values (156, 64, 3810.6, '2017-06-12 02:22:30', '2019-09-15 13:51:20');
insert into prices (id, product_id, price, date_from, date_to) values (157, 20, 7114.5, '2016-06-20 15:45:11', '2019-12-25 19:21:13');
insert into prices (id, product_id, price, date_from, date_to) values (158, 68, 4653.3, '2017-10-29 05:39:47', '2019-12-05 21:45:01');
insert into prices (id, product_id, price, date_from, date_to) values (159, 74, 3159.9, '2018-05-19 04:04:03', '2019-10-13 14:39:05');
insert into prices (id, product_id, price, date_from, date_to) values (160, 17, 1475.4, '2017-08-26 10:45:55', '2019-07-11 15:19:40');
insert into prices (id, product_id, price, date_from, date_to) values (161, 98, 5025.3, '2017-12-24 13:20:24', '2019-08-07 23:49:50');
insert into prices (id, product_id, price, date_from, date_to) values (162, 87, 3063.5, '2017-05-13 14:07:48', '2019-11-10 16:30:48');
insert into prices (id, product_id, price, date_from, date_to) values (163, 66, 8363.6, '2016-12-21 11:10:50', '2019-09-27 14:16:12');
insert into prices (id, product_id, price, date_from, date_to) values (164, 86, 5256.5, '2018-01-24 12:07:51', '2019-08-10 02:07:06');
insert into prices (id, product_id, price, date_from, date_to) values (165, 68, 7331.7, '2016-09-01 23:26:39', '2020-01-01 15:00:30');
insert into prices (id, product_id, price, date_from, date_to) values (166, 81, 6683.0, '2017-04-05 22:50:19', '2020-03-25 05:26:51');
insert into prices (id, product_id, price, date_from, date_to) values (167, 85, 7646.4, '2017-04-15 12:39:54', '2020-01-02 16:58:51');
insert into prices (id, product_id, price, date_from, date_to) values (168, 8, 1675.7, '2017-01-26 04:08:42', '2020-04-15 20:34:12');
insert into prices (id, product_id, price, date_from, date_to) values (169, 9, 5888.3, '2016-06-21 15:09:57', '2019-09-25 04:41:11');
insert into prices (id, product_id, price, date_from, date_to) values (170, 28, 1239.6, '2018-03-16 00:24:20', '2019-08-10 04:35:04');
insert into prices (id, product_id, price, date_from, date_to) values (171, 39, 8608.9, '2016-07-10 21:33:23', '2019-11-09 00:20:02');
insert into prices (id, product_id, price, date_from, date_to) values (172, 36, 5517.8, '2016-09-05 18:59:13', '2020-01-11 13:27:22');
insert into prices (id, product_id, price, date_from, date_to) values (173, 91, 2252.1, '2017-01-26 06:22:27', '2020-02-19 09:02:46');
insert into prices (id, product_id, price, date_from, date_to) values (174, 58, 8364.9, '2016-11-26 03:35:46', '2019-11-03 16:50:27');
insert into prices (id, product_id, price, date_from, date_to) values (175, 49, 4943.7, '2017-10-08 11:53:07', '2020-02-18 02:13:43');
insert into prices (id, product_id, price, date_from, date_to) values (176, 33, 6299.1, '2017-10-04 01:14:33', '2019-12-08 23:15:37');
insert into prices (id, product_id, price, date_from, date_to) values (177, 97, 6164.8, '2017-03-06 11:03:45', '2020-02-17 10:37:18');
insert into prices (id, product_id, price, date_from, date_to) values (178, 70, 6222.0, '2017-12-15 01:20:13', '2019-09-13 08:37:40');
insert into prices (id, product_id, price, date_from, date_to) values (179, 6, 1621.3, '2017-08-25 23:16:05', '2020-01-20 10:29:07');
insert into prices (id, product_id, price, date_from, date_to) values (180, 53, 7576.9, '2017-01-02 21:13:43', '2019-09-10 10:59:27');
insert into prices (id, product_id, price, date_from, date_to) values (181, 42, 9932.9, '2016-09-16 17:02:36', '2019-10-23 11:37:49');
insert into prices (id, product_id, price, date_from, date_to) values (182, 4, 9049.7, '2017-07-13 02:28:45', '2019-08-21 01:20:10');
insert into prices (id, product_id, price, date_from, date_to) values (183, 67, 3867.6, '2017-10-17 13:37:03', '2020-03-03 05:55:47');
insert into prices (id, product_id, price, date_from, date_to) values (184, 79, 4568.8, '2017-02-15 02:55:34', '2020-02-11 14:41:14');
insert into prices (id, product_id, price, date_from, date_to) values (185, 37, 4800.8, '2017-09-12 09:01:01', '2019-06-17 01:04:09');
insert into prices (id, product_id, price, date_from, date_to) values (186, 3, 2659.9, '2016-09-20 11:41:59', '2019-10-05 00:13:07');
insert into prices (id, product_id, price, date_from, date_to) values (187, 90, 4641.1, '2016-06-20 15:33:28', '2020-02-27 13:17:00');
insert into prices (id, product_id, price, date_from, date_to) values (188, 7, 1360.5, '2016-10-26 15:16:49', '2019-08-13 00:11:43');
insert into prices (id, product_id, price, date_from, date_to) values (189, 79, 7106.7, '2017-12-20 12:08:23', '2020-05-28 23:53:40');
insert into prices (id, product_id, price, date_from, date_to) values (190, 22, 7819.7, '2017-10-29 18:52:01', '2019-11-09 14:45:08');
insert into prices (id, product_id, price, date_from, date_to) values (191, 58, 7295.2, '2017-03-13 10:23:20', '2020-06-03 19:28:56');
insert into prices (id, product_id, price, date_from, date_to) values (192, 79, 7219.1, '2017-06-16 08:09:34', '2019-09-11 22:29:24');
insert into prices (id, product_id, price, date_from, date_to) values (193, 20, 6503.5, '2016-10-17 07:46:57', '2020-05-03 16:11:26');
insert into prices (id, product_id, price, date_from, date_to) values (194, 90, 1594.8, '2017-06-03 00:16:17', '2020-01-27 18:22:14');
insert into prices (id, product_id, price, date_from, date_to) values (195, 14, 8099.1, '2017-10-03 23:14:24', '2019-06-10 04:59:29');
insert into prices (id, product_id, price, date_from, date_to) values (196, 38, 8017.3, '2017-11-13 10:29:05', '2020-05-30 09:06:42');
insert into prices (id, product_id, price, date_from, date_to) values (197, 74, 9705.1, '2016-12-18 02:17:11', '2019-09-10 15:33:11');
insert into prices (id, product_id, price, date_from, date_to) values (198, 92, 1635.1, '2016-10-11 16:35:03', '2019-10-24 20:23:04');
insert into prices (id, product_id, price, date_from, date_to) values (199, 54, 7462.0, '2017-05-02 08:28:58', '2020-03-15 12:14:45');
insert into prices (id, product_id, price, date_from, date_to) values (200, 63, 9046.1, '2017-05-19 21:31:02', '2019-10-31 12:28:01');

insert into order_status (id, name) VALUES (1, 'Создан'),(2, 'Оплачен'),(3, 'Выдан'),(4, 'Возврат'),(5, 'Отмена');

insert into orders (id, user_id, create_at, update_at, total_price, status_id) values (1, 16, '2018-03-18 03:33:55', '2020-02-12 14:31:45', 5436.2, 2);
insert into orders (id, user_id, create_at, update_at, total_price, status_id) values (2, 20, '2016-10-16 16:51:12', '2019-08-04 18:19:11', 3447.1, 5);
insert into orders (id, user_id, create_at, update_at, total_price, status_id) values (3, 7, '2017-02-17 05:26:30', '2019-06-24 01:40:08', 9765.1, 2);
insert into orders (id, user_id, create_at, update_at, total_price, status_id) values (4, 29, '2017-02-14 21:12:14', '2020-03-29 00:28:49', 1303.0, 1);
insert into orders (id, user_id, create_at, update_at, total_price, status_id) values (5, 28, '2016-11-12 13:30:12', '2019-11-03 00:07:11', 6353.8, 5);
insert into orders (id, user_id, create_at, update_at, total_price, status_id) values (6, 13, '2017-10-05 07:40:14', '2019-09-20 19:48:15', 1437.5, 5);
insert into orders (id, user_id, create_at, update_at, total_price, status_id) values (7, 8, '2017-11-29 17:57:29', '2019-10-27 02:18:21', 8010.6, 3);
insert into orders (id, user_id, create_at, update_at, total_price, status_id) values (8, 23, '2019-02-07 11:03:24', '2019-09-16 17:11:15', 1888.1, 5);
insert into orders (id, user_id, create_at, update_at, total_price, status_id) values (9, 1, '2018-07-18 18:43:46', '2019-12-08 17:54:40', 7099.7, 3);
insert into orders (id, user_id, create_at, update_at, total_price, status_id) values (10, 26, '2017-06-01 04:57:56', '2019-12-07 12:50:22', 4562.3, 1);
insert into orders (id, user_id, create_at, update_at, total_price, status_id) values (11, 12, '2017-06-29 11:30:35', '2020-01-15 05:05:44', 5908.0, 3);
insert into orders (id, user_id, create_at, update_at, total_price, status_id) values (12, 23, '2017-05-19 18:28:04', '2019-11-17 17:52:24', 9957.1, 2);
insert into orders (id, user_id, create_at, update_at, total_price, status_id) values (13, 14, '2018-01-23 21:15:06', '2019-11-08 04:12:34', 3549.9, 5);
insert into orders (id, user_id, create_at, update_at, total_price, status_id) values (14, 30, '2016-06-10 23:08:30', '2020-02-10 16:17:14', 6363.7, 3);
insert into orders (id, user_id, create_at, update_at, total_price, status_id) values (15, 28, '2019-01-10 15:43:23', '2020-04-08 14:21:05', 6381.5, 5);
insert into orders (id, user_id, create_at, update_at, total_price, status_id) values (16, 3, '2017-02-19 12:02:11', '2019-09-18 17:31:15', 7726.6, 1);
insert into orders (id, user_id, create_at, update_at, total_price, status_id) values (17, 17, '2017-02-23 11:33:17', '2020-04-14 01:21:52', 8418.0, 3);
insert into orders (id, user_id, create_at, update_at, total_price, status_id) values (18, 27, '2016-08-28 13:56:57', '2020-02-11 03:39:43', 2100.6, 5);
insert into orders (id, user_id, create_at, update_at, total_price, status_id) values (19, 10, '2018-10-20 08:00:20', '2019-09-17 10:09:29', 3809.4, 5);
insert into orders (id, user_id, create_at, update_at, total_price, status_id) values (20, 19, '2016-12-16 08:24:20', '2019-09-30 19:45:07', 2190.4, 1);
insert into orders (id, user_id, create_at, update_at, total_price, status_id) values (21, 30, '2018-11-03 23:05:15', '2019-10-16 17:53:37', 5526.0, 2);
insert into orders (id, user_id, create_at, update_at, total_price, status_id) values (22, 3, '2017-01-27 23:18:25', '2019-12-11 09:43:36', 8094.2, 1);
insert into orders (id, user_id, create_at, update_at, total_price, status_id) values (23, 2, '2017-09-25 11:21:33', '2020-01-06 12:02:16', 5823.9, 5);
insert into orders (id, user_id, create_at, update_at, total_price, status_id) values (24, 25, '2018-05-11 16:14:04', '2020-04-13 10:06:00', 7355.4, 1);
insert into orders (id, user_id, create_at, update_at, total_price, status_id) values (25, 27, '2016-07-05 20:44:44', '2020-06-05 13:35:32', 7471.0, 3);
insert into orders (id, user_id, create_at, update_at, total_price, status_id) values (26, 25, '2016-12-30 11:05:17', '2019-10-21 16:40:31', 8222.5, 5);
insert into orders (id, user_id, create_at, update_at, total_price, status_id) values (27, 17, '2016-11-05 15:00:17', '2019-09-15 22:38:56', 7863.6, 1);
insert into orders (id, user_id, create_at, update_at, total_price, status_id) values (28, 30, '2016-11-04 08:40:12', '2019-07-28 07:54:22', 6723.7, 2);
insert into orders (id, user_id, create_at, update_at, total_price, status_id) values (29, 20, '2017-06-03 23:47:49', '2020-05-02 06:52:18', 3390.4, 5);
insert into orders (id, user_id, create_at, update_at, total_price, status_id) values (30, 11, '2019-03-03 13:10:46', '2019-08-07 17:20:02', 1531.9, 1);
insert into orders (id, user_id, create_at, update_at, total_price, status_id) values (31, 15, '2018-10-09 06:13:24', '2019-08-16 13:49:44', 2077.3, 2);
insert into orders (id, user_id, create_at, update_at, total_price, status_id) values (32, 13, '2019-01-02 20:02:44', '2020-05-06 20:33:40', 2416.2, 4);
insert into orders (id, user_id, create_at, update_at, total_price, status_id) values (33, 4, '2016-08-22 09:36:45', '2019-06-21 10:58:56', 2033.6, 1);
insert into orders (id, user_id, create_at, update_at, total_price, status_id) values (34, 28, '2017-05-23 03:42:10', '2020-05-23 01:58:52', 8914.5, 3);
insert into orders (id, user_id, create_at, update_at, total_price, status_id) values (35, 21, '2018-10-02 13:16:00', '2020-03-21 02:09:38', 3111.6, 2);
insert into orders (id, user_id, create_at, update_at, total_price, status_id) values (36, 1, '2017-12-23 03:57:38', '2019-10-10 02:57:07', 2186.0, 1);
insert into orders (id, user_id, create_at, update_at, total_price, status_id) values (37, 3, '2016-10-09 03:12:48', '2019-06-30 20:29:39', 5029.4, 2);
insert into orders (id, user_id, create_at, update_at, total_price, status_id) values (38, 19, '2017-05-23 03:52:56', '2019-12-25 13:45:09', 2565.6, 1);
insert into orders (id, user_id, create_at, update_at, total_price, status_id) values (39, 24, '2019-03-04 11:43:46', '2019-10-24 12:01:09', 8950.5, 3);
insert into orders (id, user_id, create_at, update_at, total_price, status_id) values (40, 25, '2019-06-06 06:46:21', '2020-03-24 18:12:00', 7928.5, 3);
insert into orders (id, user_id, create_at, update_at, total_price, status_id) values (41, 15, '2017-09-22 22:02:50', '2020-05-01 11:12:41', 5528.0, 5);
insert into orders (id, user_id, create_at, update_at, total_price, status_id) values (42, 12, '2019-02-08 12:41:58', '2020-03-24 22:12:49', 2187.0, 2);
insert into orders (id, user_id, create_at, update_at, total_price, status_id) values (43, 22, '2016-07-04 11:15:04', '2019-07-30 04:50:02', 4814.5, 2);
insert into orders (id, user_id, create_at, update_at, total_price, status_id) values (44, 4, '2016-09-22 05:17:09', '2019-07-14 03:18:23', 9986.3, 1);
insert into orders (id, user_id, create_at, update_at, total_price, status_id) values (45, 8, '2016-08-09 02:25:59', '2019-12-31 02:05:05', 5409.5, 3);
insert into orders (id, user_id, create_at, update_at, total_price, status_id) values (46, 29, '2018-05-27 04:02:10', '2020-04-15 22:23:04', 9138.9, 2);
insert into orders (id, user_id, create_at, update_at, total_price, status_id) values (47, 26, '2017-01-03 17:45:24', '2019-08-11 14:39:07', 2363.2, 4);
insert into orders (id, user_id, create_at, update_at, total_price, status_id) values (48, 15, '2018-08-13 10:31:58', '2019-10-05 11:52:02', 9573.3, 2);
insert into orders (id, user_id, create_at, update_at, total_price, status_id) values (49, 10, '2017-10-28 21:07:42', '2020-03-17 02:05:19', 2638.4, 2);
insert into orders (id, user_id, create_at, update_at, total_price, status_id) values (50, 13, '2018-09-14 08:05:02', '2020-03-27 15:19:22', 1668.3, 5);
insert into orders (id, user_id, create_at, update_at, total_price, status_id) values (51, 6, '2016-08-16 03:19:49', '2020-05-14 11:00:26', 3417.5, 1);
insert into orders (id, user_id, create_at, update_at, total_price, status_id) values (52, 12, '2018-09-02 09:58:26', '2019-10-06 15:30:29', 7332.0, 5);
insert into orders (id, user_id, create_at, update_at, total_price, status_id) values (53, 29, '2018-07-12 07:21:06', '2019-11-22 15:21:54', 4891.1, 5);
insert into orders (id, user_id, create_at, update_at, total_price, status_id) values (54, 3, '2016-10-28 05:10:10', '2020-05-10 18:34:51', 2560.5, 1);
insert into orders (id, user_id, create_at, update_at, total_price, status_id) values (55, 23, '2016-08-29 08:14:57', '2019-09-28 16:05:42', 6677.6, 5);
insert into orders (id, user_id, create_at, update_at, total_price, status_id) values (56, 17, '2016-12-12 07:10:06', '2019-11-13 04:56:36', 1416.3, 1);
insert into orders (id, user_id, create_at, update_at, total_price, status_id) values (57, 22, '2017-10-31 13:41:09', '2019-08-18 03:40:31', 3550.9, 2);
insert into orders (id, user_id, create_at, update_at, total_price, status_id) values (58, 6, '2019-05-25 06:56:29', '2020-04-15 22:21:40', 8290.7, 1);
insert into orders (id, user_id, create_at, update_at, total_price, status_id) values (59, 10, '2017-10-28 04:54:12', '2020-03-18 18:57:23', 5905.3, 5);
insert into orders (id, user_id, create_at, update_at, total_price, status_id) values (60, 27, '2017-01-15 17:01:13', '2019-11-26 16:54:09', 5224.3, 3);

insert into order_products (id, order_id, product_id) values (1, 9, 48);
insert into order_products (id, order_id, product_id) values (2, 39, 45);
insert into order_products (id, order_id, product_id) values (3, 28, 52);
insert into order_products (id, order_id, product_id) values (4, 35, 93);
insert into order_products (id, order_id, product_id) values (5, 16, 33);
insert into order_products (id, order_id, product_id) values (6, 47, 62);
insert into order_products (id, order_id, product_id) values (7, 27, 20);
insert into order_products (id, order_id, product_id) values (8, 25, 61);
insert into order_products (id, order_id, product_id) values (9, 40, 67);
insert into order_products (id, order_id, product_id) values (10, 9, 60);
insert into order_products (id, order_id, product_id) values (11, 35, 42);
insert into order_products (id, order_id, product_id) values (12, 29, 42);
insert into order_products (id, order_id, product_id) values (13, 24, 89);
insert into order_products (id, order_id, product_id) values (14, 14, 39);
insert into order_products (id, order_id, product_id) values (15, 20, 90);
insert into order_products (id, order_id, product_id) values (16, 20, 72);
insert into order_products (id, order_id, product_id) values (17, 31, 45);
insert into order_products (id, order_id, product_id) values (18, 58, 10);
insert into order_products (id, order_id, product_id) values (19, 21, 93);
insert into order_products (id, order_id, product_id) values (20, 24, 10);
insert into order_products (id, order_id, product_id) values (21, 7, 27);
insert into order_products (id, order_id, product_id) values (22, 10, 88);
insert into order_products (id, order_id, product_id) values (23, 55, 94);
insert into order_products (id, order_id, product_id) values (24, 47, 72);
insert into order_products (id, order_id, product_id) values (25, 26, 26);
insert into order_products (id, order_id, product_id) values (26, 58, 88);
insert into order_products (id, order_id, product_id) values (27, 59, 82);
insert into order_products (id, order_id, product_id) values (28, 36, 67);
insert into order_products (id, order_id, product_id) values (29, 50, 79);
insert into order_products (id, order_id, product_id) values (30, 29, 77);
insert into order_products (id, order_id, product_id) values (31, 33, 100);
insert into order_products (id, order_id, product_id) values (32, 35, 4);
insert into order_products (id, order_id, product_id) values (33, 33, 35);
insert into order_products (id, order_id, product_id) values (34, 45, 93);
insert into order_products (id, order_id, product_id) values (35, 1, 79);
insert into order_products (id, order_id, product_id) values (36, 15, 49);
insert into order_products (id, order_id, product_id) values (37, 40, 59);
insert into order_products (id, order_id, product_id) values (38, 30, 76);
insert into order_products (id, order_id, product_id) values (39, 1, 19);
insert into order_products (id, order_id, product_id) values (40, 1, 74);
insert into order_products (id, order_id, product_id) values (41, 43, 58);
insert into order_products (id, order_id, product_id) values (42, 59, 7);
insert into order_products (id, order_id, product_id) values (43, 21, 95);
insert into order_products (id, order_id, product_id) values (44, 6, 67);
insert into order_products (id, order_id, product_id) values (45, 33, 77);
insert into order_products (id, order_id, product_id) values (46, 9, 23);
insert into order_products (id, order_id, product_id) values (47, 2, 51);
insert into order_products (id, order_id, product_id) values (48, 38, 28);
insert into order_products (id, order_id, product_id) values (49, 15, 54);
insert into order_products (id, order_id, product_id) values (50, 24, 22);
insert into order_products (id, order_id, product_id) values (51, 11, 90);
insert into order_products (id, order_id, product_id) values (52, 20, 71);
insert into order_products (id, order_id, product_id) values (53, 13, 17);
insert into order_products (id, order_id, product_id) values (54, 7, 73);
insert into order_products (id, order_id, product_id) values (55, 16, 91);
insert into order_products (id, order_id, product_id) values (56, 41, 52);
insert into order_products (id, order_id, product_id) values (57, 36, 37);
insert into order_products (id, order_id, product_id) values (58, 50, 8);
insert into order_products (id, order_id, product_id) values (59, 1, 74);
insert into order_products (id, order_id, product_id) values (60, 4, 12);
insert into order_products (id, order_id, product_id) values (61, 55, 97);
insert into order_products (id, order_id, product_id) values (62, 14, 58);
insert into order_products (id, order_id, product_id) values (63, 23, 51);
insert into order_products (id, order_id, product_id) values (64, 24, 85);
insert into order_products (id, order_id, product_id) values (65, 10, 86);
insert into order_products (id, order_id, product_id) values (66, 36, 85);
insert into order_products (id, order_id, product_id) values (67, 4, 69);
insert into order_products (id, order_id, product_id) values (68, 48, 8);
insert into order_products (id, order_id, product_id) values (69, 54, 76);
insert into order_products (id, order_id, product_id) values (70, 8, 25);
insert into order_products (id, order_id, product_id) values (71, 3, 37);
insert into order_products (id, order_id, product_id) values (72, 37, 40);
insert into order_products (id, order_id, product_id) values (73, 17, 74);
insert into order_products (id, order_id, product_id) values (74, 35, 12);
insert into order_products (id, order_id, product_id) values (75, 34, 6);
insert into order_products (id, order_id, product_id) values (76, 55, 28);
insert into order_products (id, order_id, product_id) values (77, 54, 31);
insert into order_products (id, order_id, product_id) values (78, 13, 32);
insert into order_products (id, order_id, product_id) values (79, 9, 98);
insert into order_products (id, order_id, product_id) values (80, 59, 38);
insert into order_products (id, order_id, product_id) values (81, 20, 6);
insert into order_products (id, order_id, product_id) values (82, 15, 97);
insert into order_products (id, order_id, product_id) values (83, 29, 75);
insert into order_products (id, order_id, product_id) values (84, 10, 21);
insert into order_products (id, order_id, product_id) values (85, 48, 54);
insert into order_products (id, order_id, product_id) values (86, 54, 64);
insert into order_products (id, order_id, product_id) values (87, 40, 43);
insert into order_products (id, order_id, product_id) values (88, 4, 29);
insert into order_products (id, order_id, product_id) values (89, 53, 88);
insert into order_products (id, order_id, product_id) values (90, 55, 16);
insert into order_products (id, order_id, product_id) values (91, 16, 23);
insert into order_products (id, order_id, product_id) values (92, 41, 51);
insert into order_products (id, order_id, product_id) values (93, 19, 26);
insert into order_products (id, order_id, product_id) values (94, 31, 78);
insert into order_products (id, order_id, product_id) values (95, 15, 49);
insert into order_products (id, order_id, product_id) values (96, 51, 37);
insert into order_products (id, order_id, product_id) values (97, 56, 81);
insert into order_products (id, order_id, product_id) values (98, 28, 59);
insert into order_products (id, order_id, product_id) values (99, 28, 10);
insert into order_products (id, order_id, product_id) values (100, 42, 30);
insert into order_products (id, order_id, product_id) values (101, 30, 76);
insert into order_products (id, order_id, product_id) values (102, 48, 31);
insert into order_products (id, order_id, product_id) values (103, 43, 38);
insert into order_products (id, order_id, product_id) values (104, 46, 84);
insert into order_products (id, order_id, product_id) values (105, 9, 74);
insert into order_products (id, order_id, product_id) values (106, 39, 6);
insert into order_products (id, order_id, product_id) values (107, 52, 68);
insert into order_products (id, order_id, product_id) values (108, 20, 41);
insert into order_products (id, order_id, product_id) values (109, 26, 88);
insert into order_products (id, order_id, product_id) values (110, 29, 29);
insert into order_products (id, order_id, product_id) values (111, 38, 31);
insert into order_products (id, order_id, product_id) values (112, 39, 53);
insert into order_products (id, order_id, product_id) values (113, 32, 68);
insert into order_products (id, order_id, product_id) values (114, 45, 62);
insert into order_products (id, order_id, product_id) values (115, 44, 5);
insert into order_products (id, order_id, product_id) values (116, 11, 24);
insert into order_products (id, order_id, product_id) values (117, 39, 13);
insert into order_products (id, order_id, product_id) values (118, 15, 48);
insert into order_products (id, order_id, product_id) values (119, 40, 84);
insert into order_products (id, order_id, product_id) values (120, 59, 77);




insert into actions (id, name, create_at, update_at, date_from, date_to, active) values (1, 'Rllteilrgrmfs', '2015-07-25 11:26:53', '2016-10-31 18:59:52', '2018-07-07 03:58:21', '2020-01-18 14:16:09', true);
insert into actions (id, name, create_at, update_at, date_from, date_to, active) values (2, 'Yuhwvxqvuinlo', '2015-08-22 11:19:59', '2016-11-13 03:26:25', '2019-04-05 01:42:37', '2020-01-22 17:39:44', false);
insert into actions (id, name, create_at, update_at, date_from, date_to, active) values (3, 'Zqinxdqwtlrap', '2015-12-23 23:46:48', '2016-12-21 23:24:11', '2019-01-19 22:55:25', '2020-01-25 00:50:06', false);
insert into actions (id, name, create_at, update_at, date_from, date_to, active) values (4, 'Bngccaeqexypb', '2015-07-03 20:14:34', '2016-06-20 23:14:23', '2019-06-07 04:39:35', '2020-02-28 19:21:32', false);
insert into actions (id, name, create_at, update_at, date_from, date_to, active) values (5, 'Isvibfokgtivc', '2015-09-11 10:45:59', '2016-08-14 19:52:47', '2019-02-04 09:07:57', '2020-03-05 14:14:48', false);
insert into actions (id, name, create_at, update_at, date_from, date_to, active) values (6, 'Ghqgvmqyacdim', '2015-08-03 19:02:20', '2016-10-26 03:33:13', '2019-05-15 06:10:18', '2019-08-14 04:18:55', false);
insert into actions (id, name, create_at, update_at, date_from, date_to, active) values (7, 'Emrsgfkduwsso', '2016-05-21 06:56:52', '2016-12-26 15:25:29', '2018-08-19 10:20:52', '2020-03-21 21:29:10', true);
insert into actions (id, name, create_at, update_at, date_from, date_to, active) values (8, 'Csgzigxsgeyxf', '2016-02-25 04:46:20', '2017-05-23 20:19:12', '2018-08-01 11:52:29', '2019-08-05 13:49:43', true);
insert into actions (id, name, create_at, update_at, date_from, date_to, active) values (9, 'Lwwqirwyhqgpu', '2015-06-11 20:56:06', '2017-05-11 13:15:23', '2018-09-29 16:21:26', '2020-04-06 16:47:57', false);
insert into actions (id, name, create_at, update_at, date_from, date_to, active) values (10, 'Iwnbsdjnuzzat', '2015-06-22 22:25:51', '2017-02-12 13:10:07', '2018-09-27 18:33:40', '2019-11-02 08:28:08', true);
insert into actions (id, name, create_at, update_at, date_from, date_to, active) values (11, 'Yyjiaafntzmeo', '2015-06-12 12:30:25', '2016-09-18 12:15:41', '2018-07-03 03:28:53', '2019-09-16 18:02:33', false);
insert into actions (id, name, create_at, update_at, date_from, date_to, active) values (12, 'Buagpwrawodym', '2016-04-06 15:22:09', '2016-09-04 19:50:11', '2019-01-14 07:17:44', '2019-06-14 17:15:07', true);
insert into actions (id, name, create_at, update_at, date_from, date_to, active) values (13, 'Nnertvwbfudfs', '2016-02-19 10:48:09', '2016-07-27 19:45:39', '2018-12-29 22:35:38', '2019-10-09 18:46:26', false);
insert into actions (id, name, create_at, update_at, date_from, date_to, active) values (14, 'Wctxkdxvjihhj', '2015-12-26 13:39:04', '2017-03-20 21:53:31', '2018-09-15 20:12:57', '2019-12-11 15:41:23', false);
insert into actions (id, name, create_at, update_at, date_from, date_to, active) values (15, 'Wwsomyvjjptjv', '2015-09-05 08:50:29', '2017-02-10 18:49:58', '2019-04-22 01:06:20', '2020-02-19 23:18:30', false);
insert into actions (id, name, create_at, update_at, date_from, date_to, active) values (16, 'Jfvercrltpwfl', '2015-07-10 06:20:01', '2017-04-25 19:02:30', '2018-12-16 09:27:07', '2019-09-14 17:20:13', true);
insert into actions (id, name, create_at, update_at, date_from, date_to, active) values (17, 'Pvxrzqjohxage', '2015-09-14 18:11:27', '2017-04-11 18:34:23', '2019-06-06 12:13:11', '2019-10-22 07:12:20', false);
insert into actions (id, name, create_at, update_at, date_from, date_to, active) values (18, 'Pccaviuzzufkc', '2016-02-29 21:10:22', '2017-01-09 08:37:16', '2018-12-14 14:19:01', '2020-01-29 23:14:49', false);
insert into actions (id, name, create_at, update_at, date_from, date_to, active) values (19, 'Hgogdemgdggaw', '2015-11-08 13:15:19', '2016-08-13 21:51:18', '2018-12-29 15:38:28', '2019-06-21 19:37:48', true);
insert into actions (id, name, create_at, update_at, date_from, date_to, active) values (20, 'Qaxyjbnkmnxmo', '2015-10-27 14:23:52', '2017-04-13 08:28:54', '2018-08-07 04:04:20', '2019-08-19 11:53:41', false);
insert into actions (id, name, create_at, update_at, date_from, date_to, active) values (21, 'Leucakdrhunbq', '2015-09-04 19:24:23', '2016-10-03 18:33:07', '2018-12-23 09:27:48', '2020-02-12 23:12:42', true);
insert into actions (id, name, create_at, update_at, date_from, date_to, active) values (22, 'Shcmbighmssvw', '2015-11-17 21:11:37', '2017-05-17 06:04:47', '2018-12-18 21:39:46', '2019-07-17 00:26:26', false);
insert into actions (id, name, create_at, update_at, date_from, date_to, active) values (23, 'Ksxyyggoczphm', '2015-08-14 00:05:03', '2017-03-05 07:20:56', '2018-12-16 21:09:10', '2020-04-18 17:57:29', false);
insert into actions (id, name, create_at, update_at, date_from, date_to, active) values (24, 'Ynwltqyymxjoh', '2015-09-01 19:08:37', '2017-05-26 20:17:10', '2018-12-22 05:47:11', '2020-01-09 02:20:07', true);
insert into actions (id, name, create_at, update_at, date_from, date_to, active) values (25, 'Wozzhplfutozb', '2015-08-11 15:53:04', '2016-12-08 13:01:19', '2018-08-09 04:01:13', '2019-11-08 04:39:06', true);
insert into actions (id, name, create_at, update_at, date_from, date_to, active) values (26, 'Boyhtkghnvosc', '2015-11-25 02:52:08', '2016-10-24 00:18:39', '2019-06-02 06:23:42', '2020-05-09 23:13:02', true);
insert into actions (id, name, create_at, update_at, date_from, date_to, active) values (27, 'Znqtjyfphbjuf', '2015-08-18 05:28:57', '2017-04-07 22:48:40', '2019-05-02 20:47:46', '2020-05-15 20:18:32', true);
insert into actions (id, name, create_at, update_at, date_from, date_to, active) values (28, 'Hocrsgydgftmg', '2015-08-28 13:14:18', '2017-02-20 15:48:17', '2018-07-05 19:25:50', '2019-10-02 17:12:57', false);
insert into actions (id, name, create_at, update_at, date_from, date_to, active) values (29, 'Hymdxlnskgysw', '2015-10-25 15:40:38', '2017-01-18 21:18:39', '2018-11-15 15:21:37', '2020-04-26 17:02:44', false);
insert into actions (id, name, create_at, update_at, date_from, date_to, active) values (30, 'Raspyxxpanhph', '2016-04-06 18:01:23', '2017-04-02 02:14:58', '2018-11-16 19:50:37', '2020-02-17 14:19:13', true);
insert into actions (id, name, create_at, update_at, date_from, date_to, active) values (31, 'Hhibxikhwtdqz', '2016-05-12 17:11:01', '2016-06-10 04:43:19', '2019-01-11 07:26:17', '2020-03-18 16:22:42', true);
insert into actions (id, name, create_at, update_at, date_from, date_to, active) values (32, 'Stliujzlpqtxt', '2015-12-27 11:41:43', '2017-02-18 09:51:14', '2019-01-08 20:14:07', '2020-02-15 20:25:16', true);
insert into actions (id, name, create_at, update_at, date_from, date_to, active) values (33, 'Qmayxqvetrihm', '2015-12-10 13:58:34', '2017-02-05 08:03:17', '2018-11-22 13:08:56', '2019-07-28 00:51:05', false);
insert into actions (id, name, create_at, update_at, date_from, date_to, active) values (34, 'Werqvxhtjeenq', '2015-10-14 01:00:51', '2016-07-27 07:08:30', '2019-03-17 10:18:29', '2020-01-10 12:59:10', false);
insert into actions (id, name, create_at, update_at, date_from, date_to, active) values (35, 'Qiakzxjoduiqz', '2016-06-01 01:54:33', '2016-12-17 00:42:12', '2018-07-04 22:27:45', '2020-01-26 10:51:00', true);
insert into actions (id, name, create_at, update_at, date_from, date_to, active) values (36, 'Rdmimuhvoyzqf', '2015-08-01 13:13:25', '2016-10-16 19:46:21', '2019-01-03 06:19:44', '2020-05-19 01:56:24', true);
insert into actions (id, name, create_at, update_at, date_from, date_to, active) values (37, 'Ldbvnwqzibeot', '2016-01-28 06:56:58', '2017-04-20 16:51:33', '2018-11-21 06:54:53', '2019-11-14 01:21:05', false);
insert into actions (id, name, create_at, update_at, date_from, date_to, active) values (38, 'Hrstvyvygacrr', '2016-02-14 04:30:17', '2016-12-08 02:51:09', '2018-09-05 00:28:17', '2019-06-21 03:18:33', false);
insert into actions (id, name, create_at, update_at, date_from, date_to, active) values (39, 'Jjmkmgsrnybfn', '2016-04-20 12:57:07', '2016-11-25 19:45:09', '2019-01-25 08:03:53', '2020-01-16 16:29:43', true);
insert into actions (id, name, create_at, update_at, date_from, date_to, active) values (40, 'Qaufslxrytpxv', '2015-11-09 01:51:28', '2017-04-20 06:48:20', '2018-08-26 14:29:33', '2019-08-17 07:43:11', true);
insert into actions (id, name, create_at, update_at, date_from, date_to, active) values (41, 'Oxfrnnxzwelhe', '2015-11-11 12:56:05', '2016-07-14 15:42:25', '2019-01-31 23:13:25', '2020-05-04 14:56:00', false);
insert into actions (id, name, create_at, update_at, date_from, date_to, active) values (42, 'Awvrotpxwmzzd', '2015-12-03 22:26:38', '2016-12-27 19:05:30', '2018-08-18 03:54:54', '2020-01-22 15:03:53', false);
insert into actions (id, name, create_at, update_at, date_from, date_to, active) values (43, 'Dpyywkfkzoysr', '2015-08-19 06:49:47', '2016-09-09 16:02:44', '2018-12-21 05:06:39', '2020-04-09 09:37:29', true);
insert into actions (id, name, create_at, update_at, date_from, date_to, active) values (44, 'Cihdillrvxxvh', '2016-01-26 07:04:41', '2016-10-31 17:46:36', '2019-03-09 02:33:22', '2019-12-05 21:01:19', true);
insert into actions (id, name, create_at, update_at, date_from, date_to, active) values (45, 'Pnntopnkwkwuu', '2016-05-30 18:26:31', '2016-09-16 15:40:11', '2019-04-11 06:19:53', '2020-05-29 21:44:07', true);
insert into actions (id, name, create_at, update_at, date_from, date_to, active) values (46, 'Ydpshsglnbhuu', '2015-11-17 13:17:56', '2016-07-01 18:38:13', '2019-03-05 11:17:29', '2019-07-15 06:06:06', true);
insert into actions (id, name, create_at, update_at, date_from, date_to, active) values (47, 'Zwsgtilmjwkfm', '2016-01-09 23:19:27', '2016-06-10 03:04:17', '2018-12-04 00:29:50', '2020-01-19 18:09:07', false);
insert into actions (id, name, create_at, update_at, date_from, date_to, active) values (48, 'Lpyhxyygizwku', '2015-06-26 01:21:21', '2016-12-26 15:10:24', '2019-04-15 02:53:11', '2019-08-21 18:23:07', true);
insert into actions (id, name, create_at, update_at, date_from, date_to, active) values (49, 'Idghrcfufzzvw', '2016-01-09 03:14:28', '2017-02-13 23:30:36', '2018-07-12 01:03:25', '2020-03-27 11:55:28', false);
insert into actions (id, name, create_at, update_at, date_from, date_to, active) values (50, 'Arnxhnlgubhwg', '2016-03-04 10:49:15', '2016-06-11 15:18:30', '2018-10-07 00:15:43', '2020-01-12 16:09:52', true);

insert into action_categories (id, action_id, category_id, product_id, include) values (1, 4, 21, 34, 1);
insert into action_categories (id, action_id, category_id, product_id, include) values (2, 19, 38, 9, 1);
insert into action_categories (id, action_id, category_id, product_id, include) values (3, 8, 28, 24, 1);
insert into action_categories (id, action_id, category_id, product_id, include) values (4, 8, 46, 94, 1);
insert into action_categories (id, action_id, category_id, product_id, include) values (5, 32, 22, 76, 0);
insert into action_categories (id, action_id, category_id, product_id, include) values (6, 46, 15, 2, 1);
insert into action_categories (id, action_id, category_id, product_id, include) values (7, 29, 31, 42, 1);
insert into action_categories (id, action_id, category_id, product_id, include) values (8, 40, 45, 3, 1);
insert into action_categories (id, action_id, category_id, product_id, include) values (9, 15, 34, 25, 1);
insert into action_categories (id, action_id, category_id, product_id, include) values (10, 50, 23, 15, 0);
insert into action_categories (id, action_id, category_id, product_id, include) values (11, 8, 47, 4, 1);
insert into action_categories (id, action_id, category_id, product_id, include) values (12, 4, 16, 67, 1);
insert into action_categories (id, action_id, category_id, product_id, include) values (13, 44, 1, 91, 1);
insert into action_categories (id, action_id, category_id, product_id, include) values (14, 37, 41, 30, 0);
insert into action_categories (id, action_id, category_id, product_id, include) values (15, 44, 17, 33, 1);
insert into action_categories (id, action_id, category_id, product_id, include) values (16, 42, 19, 23, 1);
insert into action_categories (id, action_id, category_id, product_id, include) values (17, 5, 20, 33, 1);
insert into action_categories (id, action_id, category_id, product_id, include) values (18, 16, 12, 39, 0);
insert into action_categories (id, action_id, category_id, product_id, include) values (19, 17, 44, 83, 1);
insert into action_categories (id, action_id, category_id, product_id, include) values (20, 46, 7, 48, 1);
insert into action_categories (id, action_id, category_id, product_id, include) values (21, 13, 2, 37, 1);
insert into action_categories (id, action_id, category_id, product_id, include) values (22, 14, 15, 98, 0);
insert into action_categories (id, action_id, category_id, product_id, include) values (23, 8, 9, 84, 0);
insert into action_categories (id, action_id, category_id, product_id, include) values (24, 30, 34, 88, 1);
insert into action_categories (id, action_id, category_id, product_id, include) values (25, 17, 2, 57, 1);
insert into action_categories (id, action_id, category_id, product_id, include) values (26, 44, 39, 54, 1);
insert into action_categories (id, action_id, category_id, product_id, include) values (27, 25, 20, 2, 0);
insert into action_categories (id, action_id, category_id, product_id, include) values (28, 41, 36, 5, 1);
insert into action_categories (id, action_id, category_id, product_id, include) values (29, 49, 37, 56, 1);
insert into action_categories (id, action_id, category_id, product_id, include) values (30, 7, 9, 51, 1);
insert into action_categories (id, action_id, category_id, product_id, include) values (31, 1, 28, 28, 1);
insert into action_categories (id, action_id, category_id, product_id, include) values (32, 14, 27, 77, 0);
insert into action_categories (id, action_id, category_id, product_id, include) values (33, 21, 3, 83, 1);
insert into action_categories (id, action_id, category_id, product_id, include) values (34, 9, 21, 80, 1);
insert into action_categories (id, action_id, category_id, product_id, include) values (35, 5, 5, 85, 1);
insert into action_categories (id, action_id, category_id, product_id, include) values (36, 11, 33, 69, 1);
insert into action_categories (id, action_id, category_id, product_id, include) values (37, 50, 8, 22, 1);
insert into action_categories (id, action_id, category_id, product_id, include) values (38, 18, 49, 19, 1);
insert into action_categories (id, action_id, category_id, product_id, include) values (39, 27, 11, 54, 1);
insert into action_categories (id, action_id, category_id, product_id, include) values (40, 12, 41, 91, 1);
insert into action_categories (id, action_id, category_id, product_id, include) values (41, 8, 13, 79, 1);
insert into action_categories (id, action_id, category_id, product_id, include) values (42, 36, 40, 15, 1);
insert into action_categories (id, action_id, category_id, product_id, include) values (43, 35, 8, 29, 1);
insert into action_categories (id, action_id, category_id, product_id, include) values (44, 39, 16, 73, 1);
insert into action_categories (id, action_id, category_id, product_id, include) values (45, 17, 1, 50, 1);
insert into action_categories (id, action_id, category_id, product_id, include) values (46, 11, 24, 93, 1);
insert into action_categories (id, action_id, category_id, product_id, include) values (47, 1, 33, 99, 1);
insert into action_categories (id, action_id, category_id, product_id, include) values (48, 35, 3, 60, 1);
insert into action_categories (id, action_id, category_id, product_id, include) values (49, 34, 35, 7, 0);
insert into action_categories (id, action_id, category_id, product_id, include) values (50, 22, 46, 95, 1);
insert into action_categories (id, action_id, category_id, product_id, include) values (51, 27, 21, 27, 1);
insert into action_categories (id, action_id, category_id, product_id, include) values (52, 17, 11, 88, 1);
insert into action_categories (id, action_id, category_id, product_id, include) values (53, 15, 47, 95, 1);
insert into action_categories (id, action_id, category_id, product_id, include) values (54, 10, 42, 15, 1);
insert into action_categories (id, action_id, category_id, product_id, include) values (55, 16, 30, 1, 1);
insert into action_categories (id, action_id, category_id, product_id, include) values (56, 46, 1, 52, 1);
insert into action_categories (id, action_id, category_id, product_id, include) values (57, 48, 20, 82, 0);
insert into action_categories (id, action_id, category_id, product_id, include) values (58, 33, 39, 58, 1);
insert into action_categories (id, action_id, category_id, product_id, include) values (59, 40, 15, 72, 1);
insert into action_categories (id, action_id, category_id, product_id, include) values (60, 9, 10, 31, 1);
insert into action_categories (id, action_id, category_id, product_id, include) values (61, 3, 34, 44, 1);
insert into action_categories (id, action_id, category_id, product_id, include) values (62, 48, 19, 82, 1);
insert into action_categories (id, action_id, category_id, product_id, include) values (63, 22, 24, 11, 1);
insert into action_categories (id, action_id, category_id, product_id, include) values (64, 9, 11, 30, 1);
insert into action_categories (id, action_id, category_id, product_id, include) values (65, 48, 36, 51, 1);
insert into action_categories (id, action_id, category_id, product_id, include) values (66, 24, 1, 49, 1);
insert into action_categories (id, action_id, category_id, product_id, include) values (67, 7, 20, 91, 1);
insert into action_categories (id, action_id, category_id, product_id, include) values (68, 19, 16, 2, 1);
insert into action_categories (id, action_id, category_id, product_id, include) values (69, 3, 16, 86, 0);
insert into action_categories (id, action_id, category_id, product_id, include) values (70, 32, 42, 69, 1);
insert into action_categories (id, action_id, category_id, product_id, include) values (71, 8, 20, 59, 1);
insert into action_categories (id, action_id, category_id, product_id, include) values (72, 36, 28, 74, 1);
insert into action_categories (id, action_id, category_id, product_id, include) values (73, 8, 23, 70, 1);
insert into action_categories (id, action_id, category_id, product_id, include) values (74, 21, 26, 84, 1);
insert into action_categories (id, action_id, category_id, product_id, include) values (75, 21, 10, 99, 1);
insert into action_categories (id, action_id, category_id, product_id, include) values (76, 18, 10, 80, 1);
insert into action_categories (id, action_id, category_id, product_id, include) values (77, 35, 35, 71, 1);
insert into action_categories (id, action_id, category_id, product_id, include) values (78, 23, 1, 65, 1);
insert into action_categories (id, action_id, category_id, product_id, include) values (79, 42, 11, 9, 1);
insert into action_categories (id, action_id, category_id, product_id, include) values (80, 15, 28, 40, 0);
insert into action_categories (id, action_id, category_id, product_id, include) values (81, 48, 41, 67, 0);
insert into action_categories (id, action_id, category_id, product_id, include) values (82, 2, 14, 36, 1);
insert into action_categories (id, action_id, category_id, product_id, include) values (83, 38, 1, 37, 1);
insert into action_categories (id, action_id, category_id, product_id, include) values (84, 33, 40, 74, 1);
insert into action_categories (id, action_id, category_id, product_id, include) values (85, 30, 15, 42, 1);
insert into action_categories (id, action_id, category_id, product_id, include) values (86, 18, 33, 41, 1);
insert into action_categories (id, action_id, category_id, product_id, include) values (87, 38, 9, 42, 1);
insert into action_categories (id, action_id, category_id, product_id, include) values (88, 14, 10, 100, 1);
insert into action_categories (id, action_id, category_id, product_id, include) values (89, 1, 30, 67, 1);
insert into action_categories (id, action_id, category_id, product_id, include) values (90, 21, 50, 83, 1);
insert into action_categories (id, action_id, category_id, product_id, include) values (91, 33, 7, 83, 1);
insert into action_categories (id, action_id, category_id, product_id, include) values (92, 24, 10, 45, 1);
insert into action_categories (id, action_id, category_id, product_id, include) values (93, 24, 16, 47, 1);
insert into action_categories (id, action_id, category_id, product_id, include) values (94, 31, 21, 1, 1);
insert into action_categories (id, action_id, category_id, product_id, include) values (95, 9, 34, 62, 1);
insert into action_categories (id, action_id, category_id, product_id, include) values (96, 23, 48, 50, 1);
insert into action_categories (id, action_id, category_id, product_id, include) values (97, 48, 29, 22, 1);
insert into action_categories (id, action_id, category_id, product_id, include) values (98, 46, 4, 90, 1);
insert into action_categories (id, action_id, category_id, product_id, include) values (99, 5, 24, 33, 0);
insert into action_categories (id, action_id, category_id, product_id, include) values (100, 42, 13, 29, 1);